CoolRate,QuenchDuration,ForgeDuration,HeatProcessTime,NickelComposition,IronComposition,CobaltComposition,ChromiumComposition,TotalDefects,ForgeQuenchRatio,ComponentType_Block,ComponentType_Nozzle,ComponentType_Valve,StructureType_equiGrain,StructureType_singleGrain,InitialPosition_Top,FormationMethod_Die,FormationMethod_Investment
12.836,3.803,6.515,47.005,65.45,16.618,16.51,0.938,10,1.713121220089403,0,1,0,1,0,0,1,0
19.032,2.593,3.521,45.246,54.162,34.916,6.063,4.292,19,1.3578866178172002,1,0,0,0,1,0,0,1
28.418,0.772,1.327,9.639,52.565,36.486,8.927,3.355,38,1.7189119170984455,0,0,0,1,0,0,0,1
9.084,1.99,2.201,20.009,56.665,23.436,17.04,2.827,1,1.1060301507537689,0,1,0,0,0,1,0,0
16.196,4.092,3.881,15.904,60.502,26.995,11.382,1.564,10,0.9484359726295211,0,0,0,0,0,1,1,0
28.178,4.496,3.871,17.942,49.471,33.916,12.389,3.928,25,0.8609875444839857,0,0,1,0,0,1,0,1
19.146,2.754,4.339,56.435,64.557,17.653,16.813,1.738,18,1.575526506899056,1,0,0,1,0,0,1,0
16.223,1.496,9.422,51.182,53.483,36.466,8.869,1.089,21,6.29812834224599,1,0,0,1,0,0,0,0
20.79,1.385,4.199,54.146,58.131,20.493,15.864,4.736,25,3.031768953068592,0,0,0,1,0,0,0,0
9.996,3.748,6.698,23.054,66.564,14.337,17.928,0.618,0,1.7870864461045892,0,0,1,0,0,0,1,0
16.81,1.472,2.996,54.761,58.447,25.628,11.722,3.649,4,2.035326086956522,1,0,0,0,0,1,1,0
25.488,0.766,2.191,33.495,62.351,19.171,16.054,3.363,22,2.8603133159268928,1,0,0,0,0,0,0,1
5.089,3.13,3.136,5.755,69.698,18.172,10.972,1.508,0,1.0019169329073483,0,0,1,1,0,0,0,1
22.576,3.676,7.267,32.605,66.78,20.352,10.4,2.67,25,1.9768770402611535,0,0,1,0,0,0,1,0
8.066,3.665,6.913,11.263,64.972,16.091,14.132,4.008,6,1.8862210095497953,0,0,1,0,0,0,1,0
18.306,4.614,2.483,21.888,51.954,41.901,5.306,0.738,14,0.5381447767663633,0,1,0,1,0,1,1,0
18.757,3.956,4.471,53.575,68.471,22.13,6.433,1.289,36,1.1301820020222446,1,0,0,1,0,1,0,0
21.057,4.887,8.328,14.191,63.187,25.468,9.074,1.718,22,1.7041129527317374,0,0,1,1,0,0,1,0
8.133,4.365,2.398,25.809,63.521,24.064,10.32,2.226,0,0.5493699885452463,0,0,1,0,0,0,1,0
9.814,0.634,5.856,7.35,66.681,22.258,9.847,1.91,0,9.236593059936908,0,0,0,1,0,1,1,0
19.15,4.858,8.278,56.718,51.371,32.234,13.016,3.64,31,1.7039934129271308,0,0,1,0,0,1,0,1
10.911,2.787,1.297,50.876,68.503,17.889,12.476,1.379,9,0.46537495514890564,0,1,0,0,1,0,1,0
20.34,0.733,7.062,21.91,71.106,18.977,9.318,2.328,7,9.6343792633015,0,0,0,0,1,1,0,0
8.151,4.694,2.295,40.775,70.432,20.004,7.679,2.252,4,0.48892202812100555,0,0,0,1,0,1,0,1
14.249,2.462,4.342,24.045,54.563,27.581,14.51,3.828,11,1.7636068237205522,0,0,1,0,1,0,0,1
15.983,2.932,5.393,3.464,68.155,11.351,18.385,2.062,19,1.8393587994542975,0,0,0,1,0,0,0,1
24.348,4.915,6.85,11.423,67.384,16.24,14.449,1.256,40,1.3936927772126144,1,0,0,0,1,1,1,0
30.413,3.007,1.981,28.611,60.695,23.378,11.825,2.839,19,0.6587961423345527,0,1,0,0,0,1,0,1
26.805,3.476,3.423,44.338,53.207,31.737,11.267,4.494,47,0.9847525891829689,0,0,0,0,1,1,0,0
24.316,3.924,2.885,15.97,60.224,28.97,6.37,2.986,20,0.7352191641182466,0,1,0,0,0,0,0,1
13.741,3.359,5.286,15.495,68.694,8.843,17.536,4.513,12,1.5736826436439415,0,1,0,0,0,1,0,1
25.096,0.772,7.924,30.607,50.516,37.105,9.785,2.373,22,10.264248704663213,0,0,1,0,1,0,0,1
19.784,4.254,7.909,23.224,55.473,32.694,7.405,4.919,23,1.8591913493182888,0,0,1,0,1,1,0,0
18.712,4.218,2.529,8.066,66.055,27.346,6.021,0.561,23,0.5995732574679943,0,0,1,0,0,1,0,1
29.492,3.154,7.027,7.594,57.176,22.334,16.793,3.045,32,2.227964489537096,0,0,0,0,1,1,0,0
9.071,0.825,7.215,19.657,60.617,24.231,13.611,1.151,0,8.745454545454546,1,0,0,0,1,1,1,0
21.859,3.663,5.804,46.572,64.551,28.945,6.429,0.555,23,1.5844935844935846,0,1,0,0,0,0,0,0
23.207,3.165,1.559,32.953,60.068,19.822,18.013,3.509,27,0.49257503949447073,1,0,0,0,1,0,1,0
18.67,2.364,5.346,36.531,62.06,27.907,8.883,1.292,17,2.2614213197969546,0,0,1,0,1,0,1,0
27.793,2.782,8.727,11.496,67.716,14.459,14.565,4.779,30,3.1369518332135153,0,0,0,1,0,0,0,1
28.044,2.332,2.103,39.196,54.688,35.161,9.112,1.875,26,0.9018010291595199,0,0,1,0,0,0,0,1
18.209,3.138,6.337,4.472,57.299,29.986,10.535,1.872,29,2.0194391332058634,1,0,0,0,0,1,0,1
23.826,3.263,5.248,47.898,50.283,24.858,19.926,4.27,25,1.6083358872203495,0,0,0,1,0,0,0,0
21.106,2.324,6.216,9.063,57.108,26.87,14.672,1.159,31,2.6746987951807233,1,0,0,1,0,1,1,0
9.139,4.453,4.916,58.422,62.979,22.892,12.381,2.445,0,1.1039748484167977,1,0,0,0,1,0,1,0
13.06,3.713,3.72,29.275,64.172,21.197,11.277,3.72,14,1.0018852679773769,0,1,0,1,0,0,0,0
7.915,4.805,9.431,24.8,57.067,19.99,19.689,3.116,2,1.9627471383975026,1,0,0,0,1,1,1,0
17.658,4.941,6.689,50.179,68.919,15.884,14.016,0.971,14,1.3537745395668894,0,0,1,1,0,1,1,0
7.104,1.072,2.679,44.729,50.394,27.441,17.086,4.952,8,2.4990671641791042,0,0,0,1,0,1,0,0
16.674,0.659,8.559,7.094,57.985,20.308,17.481,4.543,28,12.987860394537176,0,0,1,1,0,1,0,0
13.195,0.649,1.492,38.915,62.919,30.116,5.695,0.591,12,2.2989214175654853,0,0,0,0,0,0,1,0
21.024,4.068,4.487,36.071,62.899,20.106,13.615,4.451,22,1.102999016715831,0,1,0,1,0,0,0,0
26.457,0.76,9.412,22.801,61.537,29.111,7.293,1.467,31,12.38421052631579,0,0,1,0,0,1,0,0
14.167,4.814,2.429,21.629,54.352,27.005,13.161,4.474,14,0.5045700041545492,1,0,0,1,0,0,0,0
24.478,0.619,4.478,25.492,52.735,31.046,15.244,1.275,27,7.234248788368336,0,1,0,0,1,0,0,1
12.922,2.285,6.612,36.97,51.323,30.361,16.623,1.743,8,2.8936542669584244,1,0,0,0,1,0,1,0
29.31,1.737,9.037,58.668,57.826,26.37,14.929,0.874,17,5.202648244099022,0,1,0,0,1,1,1,0
13.945,3.488,3.215,17.227,55.52,22.441,18.016,3.295,13,0.9217316513761468,0,0,1,1,0,0,0,0
14.988,3.642,5.534,48.302,66.755,19.933,10.719,3.188,9,1.5194947830862164,0,0,1,1,0,0,0,1
23.117,2.805,7.625,45.141,63.638,17.357,15.236,3.858,29,2.7183600713012477,0,0,1,1,0,1,1,0
18.269,3.35,8.074,12.695,71.049,9.025,18.39,3.046,7,2.410149253731343,0,0,0,0,0,1,1,0
30.581,3.612,4.84,11.584,58.157,27.982,13.941,0.703,19,1.3399778516057586,0,0,0,0,1,1,0,0
5.054,5.001,9.578,16.342,51.545,38.608,6.163,3.787,5,1.915216956608678,0,0,0,0,0,0,0,1
11.961,4.642,6.693,1.149,68.187,14.472,15.693,1.372,1,1.441835415769065,0,1,0,0,1,1,1,0
19.937,2.131,6.579,20.323,51.787,34.238,10.936,3.056,21,3.0872829657437824,0,1,0,1,0,0,0,0
20.19,1.396,7.906,48.723,51.988,29.189,15.02,3.158,23,5.663323782234957,0,0,1,1,0,0,1,0
5.937,0.771,1.373,4.226,62.017,28.485,6.752,2.538,0,1.7808041504539558,0,1,0,0,0,0,0,1
6.891,1.02,6.336,47.442,66.571,21.566,8.219,3.04,0,6.211764705882353,1,0,0,0,1,1,0,0
28.831,4.706,4.584,58.746,70.059,15.571,11.262,3.852,25,0.9740756481087971,1,0,0,0,0,0,1,0
19.83,0.665,2.89,39.186,56.623,27.935,11.009,2.878,38,4.345864661654136,0,0,0,0,0,1,0,1
23.804,1.495,1.18,19.115,55.958,29.633,13.298,1.676,22,0.7892976588628762,1,0,0,0,1,0,0,1
21.766,1.481,2.139,26.677,68.342,13.196,16.605,2.352,22,1.4442943956785954,0,1,0,0,1,0,0,1
25.524,0.81,7.315,23.88,52.209,26.613,19.074,1.827,35,9.030864197530864,0,1,0,0,1,0,0,1
8.826,2.436,4.36,54.875,63.863,20.488,9.476,4.936,12,1.7898193760262728,1,0,0,0,1,1,0,0
16.312,0.721,7.71,3.798,64.741,22.307,10.842,3.182,16,10.693481276005548,0,1,0,0,1,0,0,0
6.98,2.984,1.796,1.143,58.992,18.558,19.391,2.475,0,0.6018766756032172,0,0,1,0,1,1,0,0
10.949,4.869,1.537,47.285,51.092,29.669,17.582,1.738,13,0.31567056890531936,0,0,0,1,0,0,0,1
6.043,0.838,9.606,36.589,54.895,30.464,13.061,1.124,19,11.463007159904535,1,0,0,0,1,1,0,1
19.775,4.914,4.98,55.176,66.156,12.987,16.137,4.715,22,1.0134310134310136,0,0,1,0,0,1,1,0
26.468,4.165,1.466,45.961,69.632,24.161,5.3,0.62,33,0.35198079231692675,1,0,0,0,0,0,0,1
17.195,4.67,3.876,25.354,68.407,20.886,7.729,1.687,11,0.8299785867237687,0,1,0,1,0,0,0,0
8.852,4.284,3.3,49.111,62.372,18.468,16.119,2.513,6,0.7703081232492998,0,1,0,1,0,1,0,0
17.941,2.856,4.911,18.472,67.215,12.379,18.42,2.738,17,1.7195378151260503,0,0,1,0,1,0,1,0
26.394,4.391,9.523,29.468,50.608,32.384,11.173,4.901,30,2.1687542700979274,1,0,0,0,0,1,1,0
26.463,3.355,5.514,1.977,68.267,10.076,16.729,4.11,33,1.6435171385991059,1,0,0,0,1,0,1,0
15.979,3.93,1.299,53.256,57.951,34.891,6.424,0.564,10,0.33053435114503815,0,1,0,0,1,1,0,1
27.122,2.293,3.537,24.326,60.999,30.22,5.131,4.724,41,1.5425207152202354,0,0,0,0,1,0,1,0
24.667,1.409,9.61,33.15,50.273,28.689,17.905,1.998,29,6.820440028388928,0,0,0,0,1,0,1,0
15.295,1.894,1.314,14.966,62.582,22.053,13.278,2.318,7,0.6937697993664204,0,0,1,0,0,0,0,0
25.721,1.921,3.426,2.837,52.646,33.672,8.969,3.137,36,1.7834461218115565,1,0,0,0,0,0,0,1
14.248,1.891,4.491,30.937,56.817,22.238,15.758,3.835,9,2.3749338974087784,0,1,0,1,0,0,0,1
25.15,2.781,8.045,51.223,57.149,34.406,7.129,0.768,23,2.8928443006112907,1,0,0,0,0,0,0,1
21.09,2.342,8.615,48.988,53.506,30.442,16.01,0.672,39,3.6784799316823227,0,1,0,0,1,1,1,0
27.014,2.372,5.301,12.959,61.899,30.959,5.241,0.958,31,2.234822934232715,1,0,0,0,0,0,1,0
7.914,3.024,6.577,20.422,61.353,21.493,14.954,0.721,0,2.1749338624338623,1,0,0,1,0,1,0,0
12.832,4.462,6.092,25.105,50.285,35.016,14.192,0.782,19,1.365307037203048,0,0,0,0,0,1,0,0
9.888,4.975,5.126,42.713,64.283,23.158,8.158,4.877,0,1.03035175879397,1,0,0,0,1,1,1,0
14.812,2.443,3.208,35.86,66.215,10.537,17.819,4.553,1,1.3131395824805567,0,0,0,1,0,1,1,0
5.056,4.726,8.892,15.974,55.894,27.573,14.515,1.347,5,1.8815065594583156,0,1,0,0,1,1,1,0
26.838,3.993,9.724,4.778,54.027,37.341,6.276,1.997,31,2.435261707988981,0,0,0,0,0,0,0,1
25.54,1.871,1.151,32.088,50.098,30.022,15.137,4.213,32,0.6151790486370925,1,0,0,1,0,0,0,1
8.15,3.154,9.069,26.272,67.509,10.079,19.04,3.507,0,2.8753963221306282,1,0,0,0,0,0,1,0
7.107,3.965,2.45,35.298,66.488,18.674,10.795,4.271,3,0.6179066834804541,0,0,1,0,0,1,1,0
24.411,0.837,1.925,46.684,66.422,17.713,12.808,2.897,29,2.2998805256869774,0,0,1,1,0,0,0,0
22.436,2.185,1.426,42.917,61.771,22.056,12.203,3.097,17,0.6526315789473683,0,1,0,1,0,0,0,0
5.922,1.151,4.947,31.646,54.194,35.507,7.252,1.597,2,4.298001737619462,1,0,0,0,0,0,0,1
11.95,3.895,6.144,44.32,56.607,33.371,8.084,1.452,10,1.5774069319640565,0,1,0,0,0,0,0,0
11.114,4.593,2.706,34.331,55.447,23.225,19.143,0.69,9,0.589157413455258,0,1,0,0,0,1,1,0
22.172,4.569,5.991,42.696,63.045,22.908,11.533,3.1,26,1.3112278397898882,1,0,0,0,1,0,0,0
26.626,3.772,1.798,59.944,67.435,18.075,11.521,4.528,35,0.4766702014846236,0,0,0,1,0,1,0,1
28.354,2.632,2.735,54.93,66.365,21.033,11.541,2.78,32,1.0391337386018236,1,0,0,0,1,0,1,0
13.846,2.559,9.263,31.62,52.354,37.434,9.374,1.548,16,3.619773348964439,0,1,0,1,0,0,0,1
6.923,0.523,1.765,50.652,62.662,17.918,17.774,2.17,0,3.374760994263862,0,0,1,0,1,1,0,1
25.037,0.67,3.59,2.016,70.089,15.117,12.869,2.365,37,5.35820895522388,1,0,0,1,0,1,1,0
7.026,4.075,9.751,57.351,67.099,19.211,8.436,4.483,2,2.3928834355828217,0,1,0,0,1,0,0,1
9.029,3.885,7.989,30.067,53.046,35.132,7.734,4.728,1,2.0563706563706563,0,0,1,0,1,0,0,0
22.624,3.402,4.987,24.96,61.85,17.098,16.296,4.996,23,1.4659024103468548,0,1,0,1,0,1,0,1
19.287,4.903,7.737,9.803,59.677,25.846,11.87,2.821,21,1.578013461146237,0,0,1,1,0,1,1,0
29.719,4.474,4.088,49.277,65.68,19.743,12.959,2.171,28,0.913723737147966,1,0,0,0,1,0,0,0
5.911,4.711,2.452,57.389,65.623,11.881,19.977,2.082,4,0.5204839736786244,1,0,0,0,0,0,0,1
21.327,2.237,2.566,29.147,52.009,30.356,12.704,4.165,19,1.1470719713902546,0,1,0,1,0,1,0,0
28.51,1.56,5.959,18.879,57.409,31.702,6.402,4.875,35,3.8198717948717946,1,0,0,0,1,1,0,1
17.246,3.871,5.335,48.38,57.471,26.474,13.659,0.827,31,1.378196848359597,0,1,0,0,1,1,1,0
30.371,2.791,7.478,33.925,68.74,19.227,7.918,4.598,14,2.6793264063059836,1,0,0,1,0,1,1,0
8.05,2.885,5.753,28.57,69.977,10.121,19.918,1.16,5,1.9941074523396882,0,0,0,1,0,0,0,0
25.051,2.587,4.499,15.106,55.896,25.438,17.108,2.038,30,1.7390800154619248,1,0,0,1,0,1,0,0
25.57,1.287,1.45,46.572,60.532,23.889,11.017,4.423,28,1.1266511266511268,0,1,0,1,0,0,1,0
20.923,1.658,1.652,18.311,57.538,23.074,14.986,3.561,32,0.9963811821471652,0,0,1,0,1,1,0,0
22.883,4.711,5.477,9.76,54.009,29.365,12.879,2.943,19,1.1625981744852474,0,0,1,1,0,0,1,0
9.904,0.499,9.466,42.583,66.716,26.064,6.321,1.692,1,18.96993987975952,0,1,0,0,0,0,1,0
12.107,4.646,9.474,45.105,63.029,21.363,11.113,4.489,10,2.039173482565648,0,1,0,0,1,0,1,0
18.997,4.451,6.969,28.366,53.762,29.54,15.246,1.768,8,1.565715569534936,0,0,0,1,0,1,0,1
8.849,0.852,5.829,49.136,67.363,12.93,17.68,1.09,5,6.841549295774648,0,1,0,1,0,1,1,0
18.787,4.275,9.807,7.802,68.272,18.463,8.701,2.766,21,2.294035087719298,1,0,0,1,0,0,0,1
25.183,2.381,9.584,2.198,63.517,17.32,17.58,2.407,36,4.02519949601008,0,0,1,0,0,1,1,0
10.813,4.448,4.893,44.041,69.486,19.318,8.056,2.515,3,1.1000449640287768,1,0,0,0,1,1,1,0
24.337,4.562,5.897,22.494,59.846,32.603,6.24,1.524,24,1.2926348092941693,0,0,0,0,1,0,0,0
20.996,1.161,5.219,42.16,67.604,21.588,7.216,2.893,32,4.495262704565031,1,0,0,1,0,0,0,0
26.979,0.563,7.476,48.246,61.235,18.531,19.904,1.012,32,13.278863232682061,0,0,0,0,0,0,1,0
28.103,2.333,5.562,31.812,70.794,20.555,6.097,3.877,20,2.3840548649807114,0,1,0,1,0,1,0,0
8.104,4.75,2.069,56.721,61.245,18.375,18.168,2.649,0,0.43557894736842107,0,1,0,1,0,1,1,0
27.83,4.197,3.722,3.813,59.822,23.131,13.981,1.835,47,0.8868239218489397,0,0,1,1,0,1,0,1
8.057,2.269,3.251,43.158,69.928,22.167,6.501,1.358,1,1.4327897752313794,1,0,0,0,1,0,1,0
25.066,4.486,8.032,44.533,53.979,31.781,13.779,1.363,21,1.7904592064199734,0,0,1,0,1,1,1,0
14.86,1.768,7.371,51.772,55.611,25.283,15.667,3.848,26,4.169117647058823,0,0,1,0,1,1,1,0
11.167,2.137,2.387,5.352,61.632,22.448,12.348,4.218,12,1.1169864295741694,1,0,0,1,0,0,1,0
12.143,4.243,9.935,45.123,60.578,27.764,7.364,4.703,7,2.341503653075654,1,0,0,0,0,1,0,0
21.133,1.472,7.419,51.946,62.909,24.188,9.739,4.098,28,5.04008152173913,1,0,0,0,1,0,0,1
12.168,3.559,7.647,41.295,54.83,35.467,9.488,0.635,5,2.1486372576566453,0,1,0,0,0,0,0,0
27.397,0.962,9.722,59.165,61.174,23.309,13.383,1.673,31,10.106029106029107,0,0,0,1,0,0,1,0
24.2,4.361,9.72,22.137,53.668,31.761,9.491,4.877,23,2.2288465948177025,1,0,0,1,0,0,0,0
25.337,3.109,7.108,3.058,55.747,30.459,8.71,4.376,30,2.286265680283049,0,1,0,0,0,1,0,0
19.15,1.694,8.146,22.62,52.088,34.636,12.925,0.777,23,4.808736717827627,0,0,1,0,0,1,1,0
26.187,3.556,8.994,57.995,60.524,18.157,18.078,3.888,34,2.529246344206974,0,0,0,0,0,0,1,0
10.047,3.867,6.824,32.399,60.584,28.509,6.153,4.816,1,1.764675459012154,0,0,1,0,1,0,0,0
25.253,2.85,3.702,57.35,52.836,35.356,8.549,2.241,27,1.2989473684210526,1,0,0,1,0,0,0,0
7.891,4.81,8.954,25.611,54.858,25.375,14.771,4.589,2,1.8615384615384618,0,0,1,0,0,0,0,0
24.366,0.706,1.179,27.41,67.596,10.564,17.773,4.798,25,1.669971671388102,0,1,0,0,0,1,0,1
14.208,2.355,3.039,29.521,64.763,17.915,14.571,2.301,38,1.2904458598726116,0,0,1,1,0,1,1,0
17.661,1.252,6.218,26.57,52.32,41.825,5.056,0.799,18,4.966453674121405,0,0,0,0,0,1,0,0
10.13,1.771,7.114,25.995,60.541,20.345,15.754,3.565,4,4.016939582156974,0,0,0,0,0,0,1,0
25.614,4.331,5.552,1.691,63.874,26.031,5.48,3.142,30,1.28192103440314,0,0,1,1,0,0,0,0
9.934,2.634,7.371,16.993,58.063,24.274,14.253,2.821,0,2.7984054669703875,0,0,1,1,0,1,1,0
5.049,3.943,1.16,11.126,61.403,21.41,12.811,4.287,0,0.2941922394116155,0,0,0,0,1,0,0,1
25.647,0.739,3.801,4.71,49.365,32.508,14.733,2.478,26,5.143437077131258,0,0,1,1,0,0,0,0
29.369,3.954,3.329,26.701,59.451,27.108,9.998,4.356,23,0.8419322205361659,1,0,0,0,1,1,1,0
28.372,1.397,9.378,56.002,58.659,21.371,17.579,1.837,27,6.712956335003579,1,0,0,0,0,1,1,0
21.006,3.94,6.417,41.29,61.556,27.709,8.296,2.045,41,1.6286802030456853,0,0,1,0,0,1,0,0
26.467,4.502,1.991,10.204,66.62,11.541,19.741,0.898,53,0.44224788982674373,0,0,0,0,1,1,0,0
23.796,0.536,9.765,2.46,63.152,23.302,10.708,3.023,22,18.21828358208955,0,0,0,0,0,0,0,0
11.051,2.569,5.967,33.373,55.016,35.042,8.374,0.77,25,2.322693655118723,1,0,0,0,1,1,0,0
6.115,3.587,1.288,4.516,62.664,21.136,13.678,3.036,0,0.35907443546138834,0,1,0,0,1,1,1,0
26.137,4.096,9.627,13.21,65.706,16.196,14.658,1.789,45,2.350341796875,1,0,0,0,0,1,0,0
10.894,1.359,1.203,52.637,65.821,12.253,17.271,3.71,14,0.8852097130242826,0,0,1,0,0,0,1,0
7.038,1.592,3.725,34.569,69.439,18.039,9.219,3.027,7,2.339824120603015,0,0,1,1,0,1,1,0
13.021,1.287,9.874,41.14,68.001,14.065,15.175,3.579,8,7.672105672105673,0,1,0,0,1,0,1,0
11.123,0.654,8.636,45.952,60.874,25.392,10.095,4.769,15,13.204892966360855,0,0,0,0,1,0,0,0
20.67,1.227,1.665,26.284,61.28,17.319,19.307,1.05,21,1.3569682151589242,0,1,0,0,1,1,0,0
16.167,2.368,7.665,14.737,53.212,31.366,10.685,4.231,28,3.2369087837837838,1,0,0,0,0,1,1,0
28.046,3.732,1.128,3.8,58.064,23.31,18.061,1.318,40,0.3022508038585209,0,0,0,0,0,1,0,0
9.167,2.143,1.368,31.238,64.151,23.186,7.935,4.352,1,0.6383574428371444,0,0,0,1,0,1,1,0
28.817,3.292,3.242,50.748,57.863,24.868,13.451,4.171,39,0.9848116646415553,1,0,0,1,0,1,0,0
29.154,0.785,8.664,9.962,61.742,27.442,6.502,2.988,24,11.036942675159235,0,0,1,0,1,0,0,1
27.467,2.431,8.95,19.614,71.066,11.064,15.688,3.845,34,3.6816125051419166,0,1,0,1,0,0,1,0
7.873,3.984,2.972,22.426,52.472,38.951,5.005,3.252,8,0.7459839357429718,0,0,0,1,0,1,0,1
8.14,4.284,7.3,48.455,67.369,14.757,16.921,2.544,3,1.704014939309057,1,0,0,1,0,0,0,1
26.195,5.044,9.754,25.279,65.026,27.999,7.086,0.683,35,1.9337827121332276,0,0,0,1,0,0,0,0
15.723,2.992,1.849,3.531,55.097,23.696,17.326,3.358,29,0.6179812834224598,0,0,0,0,1,1,0,1
21.825,1.477,2.371,49.258,69.772,9.943,18.861,2.482,25,1.6052809749492214,1,0,0,1,0,0,1,0
24.2,4.439,7.87,59.786,51.612,31.97,11.649,3.869,30,1.77292182924082,0,0,1,0,1,0,0,0
15.723,2.526,1.975,20.425,50.449,31.386,14.545,3.613,27,0.7818685669041965,0,0,0,0,0,1,0,1
28.092,3.252,9.322,42.109,60.805,32.062,6.496,1.295,36,2.8665436654366543,0,1,0,1,0,0,0,0
17.889,0.705,4.052,17.76,69.641,8.09,19.644,3.427,21,5.747517730496454,0,0,1,1,0,0,1,0
10.048,0.862,7.726,45.021,67.001,24.491,7.709,2.224,0,8.962877030162414,0,0,1,0,0,1,1,0
9.818,1.447,3.002,24.908,54.321,24.194,18.164,3.065,0,2.074637180373186,0,0,1,1,0,1,0,1
24.357,2.315,5.501,1.955,55.919,23.64,19.963,0.834,26,2.3762419006479485,0,1,0,0,0,1,0,1
7.133,0.958,7.744,17.786,58.543,24.437,16.059,1.027,0,8.083507306889352,0,0,0,0,0,0,0,0
12.225,0.68,6.821,55.091,62.706,17.141,14.503,4.879,13,10.030882352941175,1,0,0,0,0,1,0,1
5.05,0.791,8.611,53.069,52.93,31.915,11.292,3.451,1,10.88621997471555,1,0,0,1,0,0,1,0
27.586,1.433,6.064,38.751,56.554,24.867,16.164,1.739,26,4.231681786461968,1,0,0,0,1,0,1,0
14.145,2.721,8.538,13.324,64.462,11.876,18.682,4.415,18,3.137816979051819,0,0,1,0,0,1,0,1
21.582,2.55,9.391,44.987,67.948,10.409,18.378,4.224,19,3.682745098039216,1,0,0,0,0,0,1,0
5.885,1.186,4.959,25.148,53.293,29.081,17.693,0.743,4,4.181281618887015,1,0,0,0,0,0,0,1
27.802,0.972,2.394,41.618,55.832,27.203,13.931,3.443,37,2.4629629629629632,0,1,0,0,1,0,1,0
27.987,2.797,1.924,8.82,51.534,33.374,15.026,0.735,37,0.6878798712906685,0,0,1,0,0,1,0,0
16.173,4.006,7.591,31.243,65.477,23.575,6.753,4.159,18,1.8949076385421866,0,0,0,1,0,0,0,1
5.037,4.887,1.065,48.817,69.287,20.381,8.04,2.798,4,0.21792510742786986,0,0,1,1,0,1,1,0
10.976,1.582,8.685,25.863,62.017,30.699,5.479,1.395,9,5.489886219974716,0,0,1,0,1,0,0,1
5.946,3.977,2.294,24.566,56.381,32.781,10.61,0.863,3,0.5768166960020116,1,0,0,1,0,1,0,0
15.298,0.752,8.919,29.753,52.412,23.677,19.042,3.925,10,11.860372340425533,0,1,0,0,1,0,0,0
18.944,1.192,4.557,53.256,53.837,39.504,6.329,1.244,19,3.8229865771812084,0,1,0,1,0,1,1,0
29.942,2.136,1.369,14.459,68.787,10.125,16.312,3.658,44,0.6409176029962547,1,0,0,0,1,1,0,1
12.825,0.912,2.211,7.103,65.134,15.17,18.397,0.598,16,2.4243421052631575,0,0,0,1,0,1,1,0
6.071,4.481,4.394,32.866,64.858,22.853,8.163,4.661,4,0.980584690917206,0,1,0,1,0,0,0,0
25.194,1.746,3.581,57.073,62.832,25.849,6.724,4.488,26,2.0509736540664374,0,0,0,0,1,1,0,0
12.855,4.445,9.65,55.816,66.105,24.635,7.975,1.9,1,2.170978627671541,0,0,1,0,0,1,0,0
23.599,3.009,3.246,57.467,60.396,18.313,18.769,2.185,29,1.07876370887338,0,0,0,0,0,0,0,1
28.202,0.694,3.95,33.388,55.786,36.216,5.87,2.501,32,5.691642651296831,0,0,0,1,0,0,1,0
5.031,1.482,6.527,27.91,63.552,28.107,5.372,2.202,3,4.404183535762483,0,0,1,0,0,1,1,0
16.846,1.654,1.867,17.663,58.724,16.536,19.1,4.704,20,1.1287787182587667,0,0,1,0,0,0,0,0
23.415,2.914,6.324,53.793,67.257,11.526,16.988,4.181,25,2.1702127659574466,0,0,1,0,0,0,0,1
7.888,0.511,9.006,28.569,64.064,18.855,15.995,0.998,7,17.62426614481409,0,0,0,0,0,0,0,0
9.973,4.624,4.582,33.16,53.53,22.34,18.592,4.191,1,0.990916955017301,0,0,0,0,1,1,0,1
9.16,0.831,4.561,19.61,61.222,20.023,17.6,0.559,4,5.488567990373045,0,0,0,1,0,0,0,0
18.939,2.363,9.225,1.625,58.156,23.7,15.166,2.584,30,3.90393567498942,0,0,0,0,0,1,1,0
16.089,4.594,3.738,42.367,51.462,28.013,17.168,2.896,18,0.8136700043535046,0,0,0,0,1,0,1,0
22.906,3.591,8.976,21.254,57.039,23.843,16.24,2.914,22,2.4995822890559736,0,1,0,0,0,1,1,0
23.783,1.395,1.611,14.632,56.323,30.899,12.994,1.005,23,1.1548387096774193,0,1,0,0,0,0,0,0
14.271,3.839,6.388,34.923,53.77,31.004,10.81,4.205,11,1.6639749934878874,0,0,0,1,0,1,1,0
14.946,4.028,7.862,24.779,51.089,30.267,16.549,2.112,18,1.9518371400198613,0,0,0,1,0,1,1,0
10.158,3.272,2.042,14.728,56.329,26.814,15.441,1.541,5,0.6240831295843521,0,1,0,0,0,1,0,1
29.676,0.756,8.125,8.98,60.713,20.461,15.384,3.533,37,10.747354497354497,0,1,0,0,1,1,1,0
24.713,5.02,2.653,16.098,68.718,14.712,13.707,3.228,24,0.5284860557768924,0,0,1,1,0,0,0,1
5.887,4.908,7.809,22.535,58.102,29.896,7.303,4.125,9,1.5910757946210268,1,0,0,0,1,0,1,0
24.146,2.99,8.214,11.26,64.972,26.262,6.836,1.741,27,2.7471571906354515,0,0,1,0,0,0,1,0
28.847,2.289,2.305,39.04,49.034,42.901,6.593,1.062,39,1.0069899519440804,0,0,1,0,0,0,0,0
5.073,2.56,4.4,54.781,67.141,13.367,15.178,5.01,19,1.71875,1,0,0,0,0,1,0,1
11.987,2.498,10.021,3.729,61.716,17.193,17.91,3.986,11,4.011609287429944,1,0,0,1,0,0,1,0
23.431,1.091,3.838,13.589,66.352,22.536,5.848,4.403,23,3.5178735105407886,1,0,0,0,0,1,0,1
29.623,3.107,2.516,26.262,56.123,23.657,18.87,1.351,38,0.8097843579015127,0,0,1,0,0,1,1,0
6.088,0.921,4.435,29.184,64.727,15.486,18.949,2.571,2,4.815418023887078,0,0,0,0,1,0,1,0
29.321,4.691,9.722,34.147,59.59,32.022,5.925,1.853,22,2.072479215519079,0,1,0,1,0,1,0,0
13.141,1.866,6.921,54.665,64.715,18.633,11.68,4.738,11,3.7090032154340835,1,0,0,0,0,0,1,0
15.207,1.591,2.207,40.496,70.904,6.724,19.595,3.996,15,1.3871778755499684,0,1,0,0,1,1,1,0
20.209,4.371,2.913,14.09,57.626,24.024,18.38,0.546,16,0.6664378860672614,1,0,0,1,0,1,1,0
22.111,3.283,1.322,28.273,68.755,16.189,14.08,1.017,35,0.4026804751751447,0,0,0,1,0,1,1,0
9.852,4.019,9.23,38.146,62.425,22.911,10.994,4.123,19,2.296591191838766,0,0,1,0,0,1,0,0
23.551,0.76,2.86,7.061,59.687,21.432,18.586,1.676,17,3.763157894736842,0,0,0,1,0,1,0,1
29.488,3.052,2.141,10.395,61.923,28.902,8.671,0.539,38,0.7015072083879423,0,0,1,0,0,0,0,0
19.089,0.492,3.297,47.811,58.482,24.271,13.598,3.39,23,6.701219512195123,0,0,1,1,0,1,0,0
12.142,1.948,5.607,41.357,51.395,25.114,19.035,4.525,14,2.8783367556468176,1,0,0,0,0,1,0,0
11.991,1.88,3.761,27.116,69.595,20.845,5.662,5.086,12,2.0005319148936174,0,0,0,0,0,1,1,0
20.679,3.373,3.003,50.613,59.032,25.344,13.839,1.912,26,0.8903053661428995,0,1,0,0,0,0,0,0
14.775,1.601,7.05,4.651,54.299,31.354,10.507,2.482,28,4.403497813866333,0,0,1,0,1,1,0,1
7.052,2.233,1.48,2.881,64.747,16.713,18.665,0.598,0,0.6627854903716972,0,0,1,0,0,1,0,1
17.95,3.4,8.635,19.573,59.933,22.004,16.985,1.126,1,2.539705882352941,0,0,0,1,0,1,0,1
19.76,4.093,5.018,17.757,56.606,23.803,17.234,1.148,23,1.22599560224774,0,0,1,1,0,1,0,0
26.991,3.241,5.514,55.083,53.296,29.008,17.073,0.612,40,1.701326751002777,0,1,0,0,0,1,0,0
12.773,2.839,2.3,16.126,61.545,19.661,17.15,1.858,10,0.8101444170482563,0,0,1,0,1,0,0,1
19.062,0.708,6.806,3.576,64.886,11.231,19.706,5.028,23,9.612994350282486,1,0,0,1,0,0,0,0
20.806,3.862,8.291,47.566,67.719,11.65,14.606,4.809,22,2.146815121698602,0,1,0,0,0,1,0,0
12.143,2.862,2.561,22.764,63.661,23.242,13.007,1.056,13,0.8948287910552061,1,0,0,1,0,0,0,0
20.841,1.331,6.08,40.482,56.771,25.909,16.33,0.879,25,4.567993989481593,1,0,0,1,0,0,0,0
24.955,1.008,2.707,13.449,64.569,26.005,6.164,2.403,20,2.685515873015873,1,0,0,0,0,0,0,1
5.883,4.6,6.698,23.127,63.129,18.013,17.168,3.352,1,1.4560869565217394,0,0,1,0,0,0,0,0
14.743,2.382,3.725,27.476,52.506,34.391,11.67,1.236,28,1.5638119227539882,0,0,1,0,0,1,0,1
8.961,0.753,9.45,28.91,60.43,19.458,16.919,2.858,0,12.549800796812749,1,0,0,0,0,1,0,1
15.987,3.014,4.741,34.239,63.832,25.522,8.959,1.144,33,1.572992700729927,1,0,0,0,0,1,1,0
13.052,4.849,5.91,38.295,55.189,23.305,17.659,4.45,7,1.2188080016498246,0,0,0,1,0,0,1,0
25.783,2.481,8.645,50.301,62.489,25.51,8.918,2.701,26,3.4844820636839984,0,1,0,1,0,0,0,0
30.234,1.378,7.713,26.617,58.107,19.502,18.953,2.444,26,5.597242380261249,1,0,0,0,0,1,0,1
21.303,0.796,1.941,50.298,60.154,25.306,10.644,3.553,23,2.438442211055276,0,1,0,1,0,0,1,0
11.123,3.338,6.245,26.18,65.764,24.232,6.476,2.555,10,1.8708807669263032,0,0,1,1,0,1,1,0
18.65,2.002,2.504,27.086,65.809,24.699,6.661,3.492,13,1.2507492507492508,0,1,0,1,0,1,0,0
6.995,1.313,6.405,42.251,60.841,29.577,5.614,3.993,0,4.878141660319878,0,0,1,0,0,1,0,1
28.542,2.349,7.475,40.03,61.018,29.932,6.648,2.029,34,3.182205193699446,0,0,0,0,0,0,1,0
17.814,3.574,2.119,7.341,61.705,26.914,5.635,4.602,18,0.5928931169557919,0,0,1,0,1,1,0,1
17.331,2.251,6.036,6.975,53.619,27.59,13.438,4.606,32,2.6814749000444245,0,0,1,0,0,1,1,0
8.871,1.679,9.198,11.713,68.922,16.514,12.952,3.147,18,5.478260869565218,1,0,0,1,0,1,0,1
13.999,2.329,9.702,21.964,54.466,23.273,18.548,3.1,11,4.165736367539716,0,0,0,0,1,1,1,0
13.061,2.495,2.974,55.412,63.435,26.239,11.322,0.586,9,1.1919839679358717,0,0,1,0,1,0,1,0
17.138,3.809,2.804,9.71,54.168,24.17,17.453,3.995,10,0.736151220792859,0,0,0,0,0,1,0,1
9.021,0.749,8.702,3.222,60.503,29.557,8.614,0.731,0,11.618157543391188,0,0,0,0,0,0,0,1
15.686,2.857,3.219,16.631,62.147,24.598,13.355,1.122,15,1.1267063353167657,0,0,0,0,0,1,1,0
14.896,3.528,5.313,38.751,66.464,13.075,17.147,2.86,17,1.505952380952381,1,0,0,0,1,1,0,0
18.013,0.614,9.427,47.45,50.873,37.884,8.061,3.762,27,15.353420195439739,0,1,0,0,1,0,0,1
22.621,2.455,6.491,31.867,66.818,20.446,11.621,2.694,33,2.6439918533604887,0,0,1,1,0,1,0,0
4.97,4.698,5.972,37.936,66.285,14.55,13.066,4.639,8,1.2711792252022136,0,1,0,1,0,1,1,0
14.72,4.946,9.145,24.826,68.585,11.857,15.198,3.657,1,1.8489688637282653,0,0,1,1,0,1,0,1
12.781,4.287,8.241,34.807,52.842,40.343,6.194,1.09,9,1.9223233030090972,0,1,0,1,0,0,0,0
5.975,1.918,7.822,9.635,59.526,21.39,15.103,3.342,2,4.078206465067779,1,0,0,1,0,0,0,0
26.603,3.142,2.68,50.24,52.627,28.085,13.469,4.827,41,0.852959898154042,0,0,1,0,1,1,0,1
27.073,4.319,7.626,25.838,59.287,30.114,6.841,3.017,30,1.765686501504978,0,0,1,0,1,0,0,1
6.045,3.813,3.175,42.157,58.823,22.735,15.036,2.064,2,0.8326776816155258,0,1,0,0,0,0,0,1
8.096,1.49,3.433,46.725,64.298,23.846,11.344,1.415,3,2.304026845637584,0,1,0,1,0,0,0,1
18.772,3.96,8.205,57.805,65.616,25.919,6.135,1.885,20,2.071969696969697,1,0,0,0,0,1,0,0
10.854,2.244,2.052,42.495,64.117,26.063,5.721,3.798,8,0.9144385026737967,0,0,0,0,1,1,1,0
29.525,0.579,1.72,56.629,58.216,27.848,8.856,4.878,30,2.970639032815199,0,0,0,0,1,0,1,0
14.076,2.5,5.761,25.282,60.775,30.229,7.688,1.334,10,2.3044000000000002,0,0,0,0,1,1,1,0
20.165,4.541,9.109,38.326,63.937,21.556,9.734,3.475,19,2.005945826910372,0,0,0,0,0,0,1,0
10.794,0.678,2.882,27.688,50.86,35.083,11.132,3.763,6,4.2507374631268435,1,0,0,0,1,1,0,1
27.471,2.898,8.842,7.774,55.423,27.527,12.166,3.645,48,3.0510697032436163,0,0,0,1,0,1,1,0
16.695,2.921,4.32,27.72,56.587,30.262,9.741,3.922,32,1.4789455665867854,0,0,0,0,1,1,1,0
23.038,0.803,8.638,2.619,57.054,26.592,16.989,0.791,25,10.757160647571606,0,0,1,0,1,0,0,0
18.151,0.936,4.845,20.526,58.901,21.17,14.548,4.761,13,5.176282051282051,1,0,0,0,0,0,0,1
16.237,3.486,4.513,27.717,62.459,19.855,17.017,0.978,14,1.2946069994262763,0,1,0,0,0,1,0,1
30.257,4.081,4.348,4.316,65.58,18.717,14.531,1.194,34,1.065425140896839,0,1,0,0,0,1,1,0
28.338,1.839,2.152,12.565,57.146,32.576,5.267,4.511,51,1.1702011963023384,0,1,0,0,0,1,0,1
23.846,1.319,7.421,1.763,52.288,27.829,18.765,2.153,22,5.626231993934799,0,0,0,1,0,0,0,1
13.164,2.842,5.482,9.062,51.093,41.446,5.426,3.231,11,1.928923293455313,0,0,1,1,0,0,0,0
11.798,0.96,5.932,2.25,53.953,34.15,7.273,4.206,12,6.179166666666667,0,0,0,1,0,0,0,1
5.079,1.056,9.278,45.722,53.505,32.321,13.124,1.328,4,8.785984848484848,1,0,0,1,0,0,1,0
23.044,2.599,5.223,4.403,55.207,23.389,18.761,3.513,31,2.009619084263178,0,1,0,0,0,1,1,0
10.127,4.919,2.127,16.291,64.969,15.02,16.777,4.198,1,0.4324049603577963,0,0,0,1,0,0,0,0
13.973,3.355,8.542,24.88,57.921,19.317,18.317,3.953,0,2.5460506706408346,0,1,0,0,1,1,0,0
14.08,2.818,8.132,59.136,58.32,22.473,16.823,2.956,10,2.8857345635202267,0,0,0,1,0,0,0,1
21.022,3.815,8.764,47.115,66.645,16.304,14.262,2.1,32,2.2972477064220183,1,0,0,1,0,1,0,0
10.093,2.878,1.764,58.74,52.466,31.657,13.322,3.716,4,0.6129256428075052,0,0,0,0,0,1,1,0
11.799,1.814,5.172,54.583,66.062,13.439,17.989,1.613,12,2.851157662624035,1,0,0,0,0,0,0,1
5.894,3.199,10.089,48.812,57.383,25.589,16.012,0.99,9,3.153798061894342,0,0,0,1,0,1,0,1
18.808,3.821,5.26,37.541,69.183,20.738,7.028,2.434,18,1.3766029835121694,1,0,0,1,0,0,0,0
14.796,4.428,4.334,17.225,60.342,29.071,5.948,4.152,9,0.9787714543812104,1,0,0,1,0,0,0,0
17.253,1.396,5.164,19.735,56.724,32.86,5.906,4.299,25,3.6991404011461317,0,0,0,0,1,1,1,0
25.708,1.687,3.883,47.454,54.119,38.114,5.202,3.442,26,2.3017190278601065,0,1,0,0,1,1,0,1
27.514,0.658,7.888,14.143,49.247,35.899,9.591,3.528,42,11.987841945288753,1,0,0,1,0,1,0,1
21.856,2.892,9.586,7.747,58.844,17.335,19.518,4.082,25,3.314661134163209,0,0,0,1,0,0,0,1
10.86,4.345,9.058,35.008,61.053,18.101,15.985,3.901,8,2.0846950517836595,1,0,0,1,0,0,0,1
23.267,4.057,4.033,58.426,57.356,28.984,7.844,5.06,24,0.9940842987429135,0,1,0,1,0,0,1,0
30.19,0.583,1.084,35.896,63.626,22.13,11.051,2.912,33,1.8593481989708407,1,0,0,0,1,1,0,1
14.999,4.419,5.497,22.854,60.075,33.686,5.035,0.629,21,1.2439465942520933,0,1,0,0,1,1,1,0
27.06,4.05,6.109,29.221,53.469,37.641,6.742,0.848,45,1.5083950617283952,1,0,0,0,0,1,0,0
22.193,0.825,9.431,50.24,57.088,28.717,9.292,4.883,31,11.431515151515152,1,0,0,0,1,0,0,1
14.837,2.229,4.756,20.85,51.869,28.153,14.533,4.929,6,2.13369223867205,0,0,0,1,0,1,1,0
6.119,3.516,8.663,50.58,58.109,28.15,10.538,2.752,13,2.4638794084186575,0,1,0,1,0,1,0,1
5.095,4.332,1.341,51.434,56.444,30.642,9.623,3.995,1,0.3095567867036011,0,0,0,0,1,1,0,1
6.036,0.926,5.818,7.838,59.775,25.901,13.673,1.797,0,6.282937365010798,0,0,1,0,1,1,1,0
17.784,2.965,5.854,12.439,59.941,20.258,14.514,4.427,13,1.9743676222596966,0,0,0,1,0,1,1,0
6.043,3.691,1.526,28.339,50.954,41.528,5.816,1.269,6,0.41343809265781634,0,0,1,0,0,0,0,1
20.641,0.65,1.827,34.219,64.591,24.971,7.939,3.545,22,2.8107692307692305,0,1,0,0,1,0,0,1
23.549,2.303,3.008,50.431,63.657,18.441,15.301,1.193,43,1.306122448979592,0,1,0,1,0,1,1,0
11.884,1.192,2.772,6.176,64.998,26.43,8.549,0.709,10,2.325503355704698,0,0,1,0,1,1,1,0
4.993,3.479,5.116,53.172,51.67,37.849,10.885,0.681,1,1.4705375107789593,0,0,0,1,0,0,1,0
19.28,4.1,3.096,42.771,52.802,25.252,17.464,3.84,22,0.7551219512195123,0,0,1,1,0,0,0,1
13.118,4.673,3.363,4.488,68.47,11.568,17.513,1.648,14,0.7196661673443184,0,0,1,0,1,1,1,0
7.068,1.944,1.698,14.26,63.917,17.791,17.749,1.681,0,0.8734567901234568,0,0,1,0,0,1,0,1
19.94,4.762,5.538,10.041,51.427,24.652,19.497,3.929,7,1.1629567408651829,0,0,1,0,1,1,1,0
23.852,1.289,4.34,7.671,61.246,16.539,19.185,1.65,25,3.3669511249030255,0,1,0,0,0,1,1,0
21.887,3.57,5.079,51.182,62.934,22.484,10.857,3.454,23,1.4226890756302522,1,0,0,0,1,0,1,0
21.41,1.315,9.171,58.939,61.077,24.655,9.548,4.764,30,6.974144486692015,0,0,0,0,0,0,0,0
20.614,2.353,1.188,17.461,55.001,30.09,10.98,4.818,21,0.5048873778155546,1,0,0,0,1,1,0,0
9.132,3.921,4.567,8.86,66.282,24.086,5.661,4.114,17,1.1647538893139506,0,1,0,1,0,1,0,0
7.022,4.849,1.595,15.431,53.234,26.489,17.67,3.27,9,0.32893380078366674,1,0,0,0,0,1,1,0
27.931,1.888,2.266,19.881,63.506,24.174,8.019,3.347,27,1.2002118644067796,0,0,0,0,1,1,0,1
23.207,2.71,8.632,60.071,53.572,31.788,11.611,3.226,16,3.185239852398524,0,0,1,0,1,1,0,0
22.988,4.813,4.434,52.436,55.844,33.84,7.499,3.309,25,0.9212549345522544,0,0,1,0,1,0,0,0
26.388,1.221,8.985,18.789,61.766,19.305,15.742,3.445,34,7.358722358722358,0,0,1,1,0,1,0,0
30.481,0.569,2.116,54.652,64.752,11.709,20.001,3.043,32,3.7188049209138847,0,0,1,1,0,0,1,0
28.909,2.083,3.155,17.859,70.95,16.932,8.845,4.736,38,1.5146423427748437,1,0,0,0,1,1,1,0
4.955,4.817,2.927,18.112,61.142,27.379,9.375,3.26,4,0.6076396097155906,0,0,1,0,0,0,0,0
7.026,4.14,8.121,32.1,61.526,30.561,7.014,1.193,3,1.961594202898551,0,0,1,0,0,1,1,0
12.198,2.177,4.553,32.448,68.662,16.675,13.106,1.671,11,2.0914101975195223,1,0,0,0,0,0,0,1
12.85,4.815,7.451,28.268,57.921,26.793,11.309,3.232,23,1.547455867082035,1,0,0,0,0,1,0,0
21.103,2.499,8.555,12.076,52.582,28.422,14.013,4.749,22,3.4233693477390954,0,1,0,0,1,0,1,0
7.037,2.109,2.496,31.149,67.492,20.575,7.676,4.851,0,1.1834992887624467,0,1,0,0,0,1,0,1
29.27,2.056,5.332,5.301,50.931,31.813,13.709,3.512,40,2.5933852140077818,0,0,0,1,0,0,0,0
17.735,3.073,9.311,59.413,64.735,19.293,13.959,3.284,18,3.0299381711682396,0,0,0,0,1,0,1,0
13.112,4.018,2.423,8.652,58.992,30.276,8.138,2.674,10,0.6030363364858139,0,1,0,1,0,0,0,0
6.098,1.874,1.298,51.44,58.954,22.099,15.148,3.278,2,0.6926360725720384,0,0,1,0,1,0,0,0
10.859,1.928,9.057,33.365,68.245,11.502,18.487,2.281,0,4.697614107883818,1,0,0,0,1,1,0,0
23.748,3.764,5.543,25.79,51.275,34.601,11.532,2.501,41,1.4726354941551543,0,0,1,0,0,1,0,1
24.453,1.912,1.72,3.794,51.113,32.15,15.074,1.716,26,0.8995815899581591,0,1,0,0,1,0,1,0
28.63,2.93,2.901,33.119,58.301,26.666,9.732,4.808,29,0.9901023890784981,0,0,0,0,0,1,0,0
9.128,2.378,8.331,50.919,64.234,22.933,8.531,4.362,8,3.5033641715727497,0,1,0,1,0,1,0,0
27.991,4.198,1.54,9.67,67.219,15.4,15.695,2.777,34,0.3668413530252501,0,0,1,0,1,1,0,1
17.818,2.215,8.202,57.077,55.845,34.03,5.466,4.153,13,3.70293453724605,0,0,1,1,0,1,0,0
30.445,1.685,5.602,27.472,63.711,24.549,9.202,2.648,31,3.3246290801186946,0,1,0,0,1,0,0,1
23.947,2.639,7.851,42.987,61.367,29.33,5.776,3.947,26,2.974990526714665,0,0,1,0,1,0,1,0
13.008,0.85,3.407,42.823,53.798,30.9,14.085,1.207,10,4.008235294117648,0,0,1,1,0,1,1,0
14.916,1.197,9.353,48.788,51.592,41.258,6.051,2.518,9,7.813700918964076,0,1,0,0,0,1,1,0
14.052,4.108,4.042,42.43,68.99,22.394,4.938,3.2,9,0.9839337877312562,0,0,1,0,1,0,0,0
5.919,4.193,4.775,26.625,56.866,26.255,13.114,3.202,22,1.1388027665156215,0,1,0,0,1,1,0,0
8.961,3.347,6.532,2.162,65.282,19.403,12.249,2.901,0,1.9515984463698834,0,0,0,0,1,0,0,0
27.507,3.162,7.889,16.549,65.884,14.099,17.923,1.54,42,2.4949399114484505,0,1,0,0,0,1,0,1
9.903,0.598,1.228,58.113,58.636,24.301,14.856,0.832,3,2.0535117056856187,0,0,1,0,0,1,1,0
19.119,4.338,5.378,38.666,69.973,14.437,13.41,2.644,21,1.239741816505302,1,0,0,0,1,0,0,0
9.93,2.057,6.852,46.006,58.616,26.506,12.433,2.519,2,3.331064657267866,1,0,0,0,1,0,0,0
14.153,4.556,4.335,45.39,55.189,30.359,10.33,3.974,10,0.9514925373134329,0,0,1,1,0,0,1,0
16.749,1.617,8.509,28.044,70.493,20.033,9.324,1.798,20,5.262213976499691,0,0,1,0,0,0,0,1
24.451,4.386,6.459,53.594,68.444,21.776,7.674,2.048,23,1.4726402188782488,1,0,0,0,0,0,1,0
10.98,4.453,3.614,14.658,56.713,27.211,14.635,2.243,35,0.8115876936896473,0,0,0,0,0,1,0,0
21.768,2.497,6.017,24.982,52.935,22.513,19.235,4.298,26,2.4096916299559474,0,0,0,0,0,0,0,0
22.608,2.457,4.267,17.95,63.285,17.978,16.883,1.613,20,1.736670736670737,0,0,0,1,0,1,0,0
15.789,3.959,7.017,59.132,62.963,22.766,11.42,4.206,16,1.7724172770901743,0,0,1,1,0,0,0,0
6.005,4.288,2.562,29.887,69.119,10.884,17.165,3.197,1,0.597481343283582,0,0,1,1,0,0,0,1
10.928,4.702,5.903,6.188,63.731,25.766,9.644,1.841,3,1.255423224159932,0,1,0,1,0,1,0,1
21.276,4.214,6.445,9.589,59.225,27.612,9.009,3.468,25,1.5294257237778832,0,1,0,0,0,1,1,0
16.953,4.901,1.155,11.635,54.615,29.328,10.575,4.446,25,0.2356661905733524,0,0,0,0,1,0,0,0
15.839,4.729,8.12,10.794,66.817,20.777,9.843,2.455,18,1.717064918587439,0,1,0,0,1,0,0,1
15.07,3.239,6.415,51.876,55.883,26.008,14.044,3.925,10,1.9805495523309664,0,1,0,1,0,0,1,0
10.083,4.303,8.998,5.398,56.406,31.321,9.326,4.185,23,2.091099233093191,0,0,0,0,0,1,0,1
17.76,2.494,5.906,38.934,66.67,21.185,10.308,1.12,38,2.3680834001603848,0,0,1,0,0,1,0,0
27.628,2.241,4.88,37.898,64.533,27.616,5.683,3.876,30,2.1775992860330207,0,1,0,0,1,0,0,0
12.759,2.501,6.875,36.614,59.99,23.488,15.555,1.816,5,2.7489004398240704,0,0,1,0,0,1,1,0
6.057,4.803,3.148,31.381,65.146,20.431,11.894,2.123,1,0.6554236935248803,0,0,1,0,1,1,1,0
13.085,2.81,8.988,59.217,55.699,34.148,6.713,2.446,13,3.198576512455516,0,0,0,0,0,0,1,0
18.981,0.834,2.662,52.031,52.081,28.192,19.329,1.403,25,3.1918465227817747,0,0,0,0,0,0,0,0
27.372,1.482,6.999,54.583,57.819,24.541,17.74,0.892,27,4.722672064777328,0,0,1,0,1,0,1,0
13.159,2.412,6.813,3.834,59.196,29.728,8.548,2.306,6,2.824626865671642,1,0,0,0,0,1,0,0
29.099,3.67,5.077,58.831,69.37,20.28,8.765,0.98,30,1.3833787465940055,1,0,0,1,0,0,0,0
28.412,1.827,9.649,41.531,58.801,23.894,13.583,4.23,30,5.281335522714833,0,0,1,0,0,0,0,1
14.824,0.866,4.773,52.063,52.098,39.797,5.992,1.746,10,5.511547344110854,1,0,0,0,0,0,0,1
15.752,3.154,7.842,53.596,51.767,35.907,7.254,4.454,26,2.4863665187064043,0,0,1,0,0,1,1,0
19.816,1.599,5.15,33.024,53.077,32.669,11.823,3.25,22,3.220762976860538,0,0,1,0,1,1,0,1
14.734,1.54,6.583,40.277,56.439,28.162,12.804,1.607,10,4.274675324675325,0,1,0,1,0,0,1,0
7.009,4.301,1.264,18.723,53.459,22.832,17.72,4.651,0,0.2938851429900023,0,0,0,0,1,0,1,0
18.314,4.431,5.013,57.746,59.359,28.364,8.455,3.417,16,1.1313473256601219,0,0,1,0,0,0,0,0
23.558,2.827,4.734,50.01,68.128,17.689,10.547,3.104,20,1.674566678457729,0,0,1,1,0,1,0,0
11.819,1.708,5.101,50.343,50.713,29.482,15.905,3.811,26,2.9865339578454333,0,0,0,1,0,1,0,0
7.985,0.569,1.682,42.329,57.679,23.1,17.328,1.839,5,2.9560632688927946,0,1,0,0,0,1,0,1
9.156,4.42,9.541,32.09,51.548,30.756,16.157,1.292,7,2.1585972850678736,0,0,0,0,0,1,1,0
10.919,1.943,4.265,6.356,56.802,21.9,18.927,1.855,10,2.195059186824498,0,0,0,0,0,1,0,0
21.006,0.569,7.708,44.529,66.946,19.733,10.429,2.406,16,13.54657293497364,1,0,0,0,0,1,0,0
10.798,2.627,5.77,55.369,69.791,8.389,19.156,3.689,6,2.196421773886563,0,0,0,1,0,1,0,1
14.789,3.095,7.852,52.173,65.755,15.808,16.733,1.235,7,2.536995153473344,1,0,0,1,0,1,0,1
29.564,3.619,1.095,23.604,56.914,34.631,6.232,1.97,29,0.302569770654877,1,0,0,1,0,0,0,0
12.223,3.495,5.054,15.075,53.132,24.746,18.71,3.106,12,1.446065808297568,1,0,0,0,1,0,0,0
15.683,3.939,3.91,11.033,66.838,26.465,7.134,1.162,28,0.9926377253109927,0,1,0,1,0,1,0,1
17.307,1.069,9.477,16.893,65.417,13.27,15.977,4.761,19,8.86529466791394,0,1,0,0,0,0,0,1
25.139,3.087,4.15,47.907,50.594,27.77,19.225,2.62,23,1.3443472627146096,0,1,0,0,1,0,0,0
24.955,4.037,5.518,18.098,61.945,25.857,11.848,0.731,23,1.366856576665841,1,0,0,0,1,0,0,0
19.012,1.925,5.333,21.871,60.714,17.524,18.331,2.699,19,2.7703896103896106,0,0,1,0,0,0,0,1
7.996,4.709,9.86,23.307,58.289,27.971,11.398,2.977,3,2.0938628158844765,0,0,0,1,0,1,0,0
21.14,2.538,5.398,19.341,67.296,12.688,17.169,1.481,27,2.1268715524034674,1,0,0,1,0,1,1,0
22.668,0.917,5.969,17.889,53.736,38.316,6.729,1.742,17,6.509269356597601,0,1,0,0,0,1,1,0
6.868,3.664,5.665,15.354,68.49,21.092,9.509,1.742,10,1.5461244541484715,0,0,1,0,1,1,1,0
7.939,1.662,2.067,13.17,50.628,27.227,17.742,3.653,2,1.2436823104693142,0,1,0,1,0,0,1,0
22.18,3.309,3.765,14.987,63.912,25.186,9.614,1.618,23,1.1378059836808703,0,0,0,0,0,0,1,0
20.75,2.154,3.153,33.395,60.011,17.583,18.803,2.031,24,1.4637883008356547,0,0,0,0,0,0,1,0
28.194,3.373,6.408,46.305,66.583,24.259,8.797,1.156,26,1.8997924696116217,0,0,1,1,0,1,0,0
30.564,3.818,6.051,22.4,63.22,17.735,15.878,2.962,28,1.5848611838658984,0,0,1,1,0,0,0,1
24.594,3.045,6.878,50.114,58.62,28.287,10.007,1.67,28,2.258784893267652,0,1,0,0,1,1,0,1
6.041,4.567,5.842,47.966,67.694,16.758,9.637,4.94,1,1.2791767024304794,0,0,0,1,0,1,0,0
4.989,2.027,4.181,55.037,53.564,27.81,16.455,2.681,0,2.0626541687222497,0,0,0,0,1,1,0,0
25.368,1.347,2.793,31.805,63.014,19.635,15.52,0.701,29,2.0734966592427617,0,0,1,1,0,0,0,1
27.638,4.355,1.499,37.85,58.566,18.98,17.686,4.262,30,0.3442020665901263,0,1,0,1,0,0,1,0
12.092,4.209,3.057,42.441,51.147,40.353,8.058,0.892,15,0.7263007840342125,0,0,1,1,0,0,1,0
7.095,4.326,1.049,18.752,50.361,37.077,9.655,3.073,0,0.24248728617660656,0,0,1,1,0,1,0,0
12.213,3.242,5.109,24.228,69.544,16.379,11.378,2.56,5,1.5758790869833437,0,0,1,0,0,1,0,1
23.169,3.389,3.221,41.782,61.741,22.927,9.443,4.905,16,0.950427854824432,0,0,0,1,0,1,1,0
15.998,2.19,2.915,26.924,56.233,33.166,9.334,1.259,4,1.3310502283105023,1,0,0,0,0,1,0,0
19.09,2.2,4.481,40.446,51.189,28.76,17.755,2.235,18,2.0368181818181816,0,1,0,1,0,0,0,0
27.398,1.894,6.153,5.117,49.674,39.769,6.668,3.164,26,3.2486800422386484,1,0,0,0,1,0,1,0
8.023,2.982,7.054,32.359,67.449,23.827,5.543,2.783,4,2.3655264922870556,0,0,1,0,1,1,0,1
7.85,3.11,3.541,18.771,65.369,13.852,18.947,2.911,5,1.1385852090032154,1,0,0,1,0,1,1,0
8.138,2.779,7.302,48.284,65.808,23.97,8.292,1.025,2,2.6275638718963656,0,1,0,0,1,0,0,0
12.091,4.729,6.52,35.934,62.515,15.692,18.64,2.987,8,1.3787270035948402,0,0,0,0,0,1,0,0
30.212,0.955,8.132,21.939,59.44,18.898,17.264,3.981,27,8.515183246073299,0,0,0,0,0,0,1,0
8.898,4.138,4.404,44.918,65.546,22.951,10.256,1.965,0,1.0642822619623007,0,0,1,0,1,0,0,1
25.159,3.875,7.233,23.726,62.72,16.658,16.657,4.787,9,1.8665806451612903,0,1,0,1,0,1,0,0
17.924,3.793,4.687,16.725,63.797,27.549,7.943,1.222,15,1.2356973372001054,1,0,0,1,0,1,0,1
18.109,4.751,9.34,41.422,53.907,30.173,13.826,1.707,21,1.9659019153862343,0,0,1,0,1,1,0,1
15.748,2.211,4.002,11.535,56.585,30.365,12.107,0.674,17,1.8100407055630936,1,0,0,0,1,0,0,1
30.189,3.71,1.847,3.222,66.082,12.443,16.861,3.968,38,0.49784366576819405,0,0,1,0,1,0,0,1
17.34,1.346,8.085,27.512,69.159,19.702,7.293,3.467,16,6.0066864784546805,0,0,0,1,0,0,0,1
23.566,1.255,5.817,29.178,69.847,20.175,6.49,3.079,22,4.6350597609561754,0,0,1,0,1,0,0,0
8.153,2.868,9.044,46.389,52.234,38.178,8.148,2.174,0,3.153417015341702,1,0,0,1,0,1,0,1
25.903,2.366,5.789,48.874,63.122,18.644,16.107,2.792,27,2.4467455621301775,0,0,1,1,0,0,0,1
6.089,2.448,8.98,56.65,52.271,28.588,19.921,0.506,2,3.6683006535947715,0,0,0,0,1,0,1,0
8.09,3.256,2.131,6.091,50.903,34.665,11.175,3.197,0,0.6544840294840295,0,1,0,1,0,1,0,0
26.07,4.659,5.541,50.956,50.919,30.481,17.743,1.632,45,1.1893110109465552,0,0,0,0,1,1,0,1
26.248,1.66,10.061,52.298,63.819,25.79,6.184,3.906,37,6.060843373493976,1,0,0,0,0,1,1,0
13.197,4.848,9.773,57.847,62.562,24.554,11.356,0.718,13,2.0158828382838285,0,0,0,1,0,0,0,1
9.962,0.757,8.971,22.101,52.187,39.813,6.753,2.368,1,11.850726552179657,0,0,0,1,0,0,0,1
26.813,0.781,4.895,51.245,61.559,23.772,12.369,1.238,25,6.267605633802816,0,1,0,0,0,1,0,0
27.181,1.827,1.498,1.069,64.684,25.425,8.619,1.472,14,0.8199233716475096,0,1,0,0,1,1,0,0
24.296,4.591,3.3,32.185,59.73,27.819,9.513,2.567,27,0.7187976475713351,0,0,0,0,1,1,0,1
20.21,3.429,4.296,28.04,64.566,22.382,12.168,0.795,14,1.2528433945756783,0,0,0,1,0,0,0,1
25.298,4.019,3.069,44.797,66.511,12.384,17.273,4.83,23,0.7636227917392385,0,0,0,1,0,0,0,1
28.925,3.521,3.964,14.654,69.154,18.736,10.178,1.1,33,1.1258165293950582,0,1,0,0,0,1,0,0
13.165,3.379,8.323,18.171,64.676,25.243,6.996,3.852,10,2.4631547795205684,0,0,0,0,0,0,1,0
8.863,3.634,7.01,15.762,53.347,32.797,9.993,3.217,4,1.9290038525041278,0,0,0,0,0,0,0,0
20.036,4.427,8.622,24.532,64.032,27.142,7.602,1.221,22,1.9475943076575561,0,0,1,0,1,0,0,0
26.466,1.006,2.257,41.236,52.967,26.853,18.267,1.882,25,2.243538767395626,0,1,0,0,0,0,0,1
20.853,2.816,8.057,19.788,61.461,25.258,12.88,0.514,25,2.8611505681818183,1,0,0,0,1,0,0,1
13.925,2.966,2.288,10.238,54.4,28.62,16.044,2.102,12,0.7714093054619015,0,0,0,1,0,1,0,1
13.942,3.438,4.295,44.145,67.599,13.855,16.378,1.584,13,1.2492728330424665,0,0,1,0,0,0,0,0
26.203,1.522,5.932,7.427,59.474,20.464,15.918,4.723,12,3.8975032851511173,0,0,1,0,0,1,1,0
11.947,2.077,9.783,21.64,62.091,26.569,10.612,0.95,10,4.710158883004333,0,1,0,1,0,0,0,1
26.945,2.517,5.732,39.822,52.518,32.739,12.198,3.781,27,2.277314263011522,0,1,0,0,0,1,0,1
27.706,0.644,6.943,54.851,52.321,23.969,18.172,4.677,36,10.781055900621118,0,1,0,0,1,0,1,0
19.899,2.955,9.159,30.204,59.705,31.366,5.736,3.459,19,3.099492385786802,0,0,0,0,1,1,0,1
15.825,1.081,7.939,16.885,52.764,39.658,5.971,1.568,31,7.344125809435708,0,0,0,0,0,1,1,0
14.744,1.842,1.411,24.173,55.654,27.951,14.099,1.536,10,0.7660152008686211,0,0,1,0,1,0,1,0
13.054,4.052,8.715,19.633,65.503,19.11,11.321,4.453,14,2.150789733464956,0,0,0,0,0,0,0,0
13.087,2.519,2.115,14.925,53.164,32.414,12.623,0.754,4,0.8396188963874553,0,0,1,0,1,1,0,0
18.086,3.982,3.196,43.719,69.61,12.038,15.736,2.549,18,0.802611752887996,0,0,0,0,0,0,0,0
8.987,0.933,4.062,23.007,55.094,32.963,7.575,4.69,7,4.353697749196142,1,0,0,0,1,1,1,0
16.918,0.744,8.594,57.01,53.759,38.348,6.742,0.78,25,11.551075268817204,1,0,0,0,0,1,0,0
19.276,2.421,8.894,12.499,58.919,24.31,12.564,4.834,19,3.673688558446923,0,0,1,1,0,0,0,1
17.013,2.219,7.059,18.232,50.108,32.576,14.475,2.502,26,3.1811626858945474,0,0,0,1,0,1,0,1
27.977,1.829,4.048,28.966,62.016,16.144,17.551,3.086,32,2.213231273920175,1,0,0,0,1,0,1,0
9.81,2.026,4.131,35.437,67.728,18.491,9.456,3.4,2,2.0389930898321817,1,0,0,1,0,0,0,1
13.911,0.876,6.564,3.245,60.96,30.079,6.305,1.977,9,7.493150684931507,0,1,0,1,0,0,0,1
14.928,2.44,6.674,16.248,66.005,20.415,9.071,3.629,8,2.7352459016393444,1,0,0,1,0,1,0,0
20.915,2.924,6.864,51.277,49.472,30.987,14.922,4.663,27,2.347469220246238,0,1,0,0,1,1,0,1
26.083,1.724,1.895,40.456,68.571,15.284,12.168,4.028,34,1.0991879350348028,0,0,1,0,0,0,1,0
17.023,1.676,4.354,11.958,63.189,18.075,15.859,2.62,25,2.5978520286396183,0,0,1,0,0,1,1,0
16.069,4.694,1.612,41.36,51.962,36.277,10.384,1.444,31,0.3434171282488283,1,0,0,0,0,1,0,0
10.106,2.356,5.865,36.931,62.969,27.168,7.731,2.35,7,2.489388794567063,0,1,0,0,0,1,0,0
11.138,1.366,2.891,31.06,67.17,20.781,9.75,1.037,7,2.116398243045388,0,0,1,0,1,0,0,0
7.061,0.995,9.65,58.613,59.643,31.553,9.301,1.046,0,9.698492462311558,0,0,0,0,0,1,0,0
16.292,4.92,4.759,34.782,58.944,30.607,8.612,2.965,15,0.9672764227642278,0,0,0,0,1,0,1,0
29.422,3.942,9.722,14.724,51.02,31.077,14.157,4.342,25,2.4662607813292743,0,1,0,1,0,0,0,0
13.83,1.689,2.931,25.792,57.549,30.29,7.071,4.18,19,1.7353463587921847,0,0,0,0,1,0,0,0
24.508,3.183,8.191,1.026,53.949,28.502,14.372,3.604,33,2.5733584668551686,0,1,0,0,1,0,0,1
22.13,2.913,9.047,37.752,70.052,11.902,15.843,3.136,30,3.105732921386887,1,0,0,0,1,1,0,1
15.239,4.865,5.624,40.218,61.037,25.379,10.222,4.2,2,1.1560123329907501,0,0,0,0,0,1,0,1
5.938,2.055,4.197,20.399,55.49,29.395,11.571,3.354,2,2.0423357664233577,0,0,0,0,1,1,1,0
10.171,3.198,9.44,13.742,59.581,29.281,7.779,3.194,2,2.951844903064415,0,1,0,0,0,1,0,0
26.525,4.464,2.77,1.775,70.095,9.791,16.772,4.062,24,0.6205197132616487,1,0,0,0,0,0,0,1
21.365,1.34,2.477,36.382,69.264,8.491,17.784,4.566,39,1.848507462686567,0,1,0,0,1,1,0,0
9.941,1.835,8.243,11.334,62.313,24.766,9.914,3.629,0,4.492098092643052,0,1,0,0,0,0,1,0
10.825,2.784,8.0,43.92,62.466,26.968,7.236,2.941,22,2.873563218390805,0,1,0,1,0,1,0,1
24.986,1.154,8.722,30.615,65.986,27.072,5.766,0.741,24,7.558058925476603,0,0,0,0,0,0,1,0
14.854,3.033,7.01,47.765,64.31,14.106,16.966,3.678,11,2.311242993735575,1,0,0,1,0,1,0,1
27.759,0.88,9.945,2.454,68.197,24.221,6.873,0.639,20,11.301136363636363,1,0,0,0,1,1,0,1
5.954,1.894,8.922,22.831,57.029,27.778,13.305,1.325,2,4.710665258711722,0,1,0,1,0,0,1,0
19.23,0.667,8.985,56.172,65.05,20.837,11.213,2.699,21,13.470764617691152,1,0,0,0,0,0,0,0
10.016,3.213,3.771,13.081,60.802,22.088,15.113,1.649,14,1.173669467787115,0,0,1,0,1,1,1,0
7.94,1.198,8.306,8.293,63.405,20.505,15.154,0.854,1,6.933222036727879,1,0,0,1,0,1,1,0
19.084,2.036,7.751,28.522,68.609,9.896,17.558,2.746,27,3.806974459724951,1,0,0,0,1,0,0,0
29.251,1.339,9.523,23.658,63.916,20.768,13.43,2.576,48,7.112023898431666,1,0,0,1,0,1,1,0
15.854,3.089,2.579,9.367,69.157,12.127,18.37,0.92,36,0.8348980252508903,0,0,0,0,0,1,0,1
21.924,1.989,4.541,21.868,55.088,28.154,13.552,2.154,24,2.283056812468577,0,0,0,0,0,0,0,1
7.879,1.368,2.473,32.193,60.33,25.513,10.605,2.393,3,1.8077485380116958,0,0,1,0,0,0,0,1
28.63,4.493,1.079,11.506,56.754,35.388,6.039,1.291,22,0.24015134653906073,0,0,1,0,1,0,1,0
23.167,1.301,1.104,13.09,53.759,33.147,11.958,2.407,14,0.8485780169100693,1,0,0,1,0,1,0,1
4.936,1.465,1.259,51.877,65.904,22.294,7.133,4.675,3,0.8593856655290101,1,0,0,1,0,0,0,1
17.017,2.395,3.065,37.678,50.534,33.021,15.494,0.975,37,1.279749478079332,0,0,0,0,1,1,1,0
29.242,4.7,2.244,48.682,60.897,24.007,12.701,0.963,28,0.4774468085106383,0,1,0,0,0,1,1,0
15.748,0.91,8.595,36.877,51.516,31.196,14.216,3.524,23,9.445054945054945,0,1,0,0,1,0,0,0
19.051,4.4,9.75,58.493,68.91,22.88,5.972,3.725,19,2.215909090909091,0,0,1,0,0,0,1,0
24.757,2.31,7.244,51.024,69.734,11.314,15.314,4.76,23,3.1359307359307356,0,1,0,0,1,0,1,0
30.556,2.626,9.233,59.313,52.051,30.474,16.586,0.916,39,3.515993907083016,1,0,0,0,1,0,1,0
20.986,4.918,6.085,40.175,64.721,22.275,8.012,3.352,16,1.2372915819438797,1,0,0,1,0,1,1,0
5.061,4.08,6.156,14.551,52.602,36.586,8.818,1.366,3,1.5088235294117647,1,0,0,1,0,0,0,0
29.058,2.74,7.985,4.376,66.784,14.212,14.98,2.637,20,2.9142335766423355,0,0,1,1,0,1,0,0
9.817,2.511,7.778,37.753,51.08,39.786,5.958,2.17,6,3.097570688968538,0,1,0,1,0,1,0,0
16.085,4.206,2.777,29.377,60.387,28.574,7.551,2.548,18,0.6602472658107466,0,1,0,0,1,0,0,0
21.379,4.562,9.747,28.098,59.107,29.612,6.555,4.137,20,2.1365629110039457,0,0,0,0,1,1,0,1
27.11,0.601,8.81,29.709,63.029,26.803,7.483,2.351,50,14.658901830282863,1,0,0,0,1,1,1,0
9.115,2.814,3.963,25.206,57.267,36.304,7.035,0.563,1,1.408315565031983,0,0,0,0,0,0,0,1
13.2,5.079,1.4,49.564,51.145,40.263,5.972,2.023,12,0.2756448119708604,0,1,0,0,0,0,0,0
4.946,4.03,3.716,58.772,70.604,20.35,7.228,2.989,5,0.9220843672456576,1,0,0,0,0,0,0,1
14.827,2.24,2.995,32.383,53.506,36.851,6.487,3.928,11,1.3370535714285714,0,1,0,0,1,1,0,0
26.115,2.322,4.509,20.06,53.33,28.298,12.759,4.383,20,1.9418604651162792,0,0,1,0,1,0,1,0
13.177,2.064,4.818,38.666,68.914,21.184,8.65,0.859,8,2.3343023255813953,1,0,0,1,0,0,1,0
11.176,3.25,7.857,9.495,55.417,24.498,16.128,4.964,6,2.4175384615384616,0,1,0,1,0,1,1,0
22.865,2.044,9.178,44.226,62.788,30.094,5.734,0.711,24,4.490215264187867,1,0,0,1,0,0,0,0
29.684,4.88,9.815,7.694,67.436,19.789,12.491,1.564,20,2.0112704918032787,0,1,0,0,0,1,0,0
12.135,2.936,3.615,51.988,52.509,28.495,16.412,1.469,9,1.2312670299727522,1,0,0,0,0,0,1,0
25.766,2.035,1.794,33.348,51.689,36.753,8.05,3.279,27,0.8815724815724816,0,1,0,0,0,0,0,0
10.129,3.686,9.814,13.483,67.686,10.059,18.74,4.517,0,2.6625067824199675,0,1,0,0,1,0,0,0
22.93,2.4,9.888,54.025,61.351,23.405,10.625,3.466,28,4.12,1,0,0,0,1,0,1,0
16.107,0.742,6.6,19.33,55.806,31.819,8.744,4.535,31,8.89487870619946,0,0,0,0,0,1,0,0
15.741,4.827,5.456,36.418,58.603,17.472,19.369,4.846,44,1.1303086803397557,1,0,0,0,0,1,0,0
8.04,1.812,2.052,53.366,63.169,17.371,15.537,4.87,1,1.1324503311258278,0,1,0,0,0,0,1,0
19.961,1.495,7.132,45.383,67.253,27.173,6.046,0.575,20,4.770568561872909,0,0,0,0,1,0,0,0
8.028,2.63,2.849,36.33,61.345,21.644,13.309,4.809,2,1.0832699619771864,0,1,0,0,0,1,1,0
24.668,0.569,4.246,42.243,63.378,20.703,12.431,1.961,31,7.462214411247804,0,0,0,1,0,1,0,1
16.152,4.369,8.16,13.428,52.599,30.418,12.955,3.956,16,1.867704280155642,0,0,0,1,0,0,0,0
10.145,1.189,7.892,15.428,67.251,25.452,5.201,2.893,3,6.6375105130361645,0,0,0,1,0,1,1,0
28.671,2.077,6.754,30.787,58.05,25.453,11.754,4.474,43,3.251805488685604,0,1,0,1,0,1,0,1
14.757,4.063,7.7,25.904,61.591,17.877,18.344,1.14,10,1.895151365985725,0,1,0,0,1,0,1,0
13.733,0.581,7.3,23.366,60.471,24.79,10.975,4.602,9,12.564543889845096,0,0,0,1,0,0,0,1
26.148,0.613,6.537,32.567,69.944,21.471,8.099,1.658,31,10.66394779771615,0,0,1,0,1,0,0,1
27.116,4.842,4.786,47.111,56.201,27.805,13.44,3.518,30,0.9884345311854605,0,0,1,1,0,0,1,0
23.043,2.756,4.229,31.01,59.166,23.394,12.885,4.5,21,1.5344702467343978,0,0,1,1,0,0,1,0
8.904,1.083,1.879,28.772,52.565,30.346,12.817,3.795,2,1.7349953831948293,0,0,0,1,0,0,0,1
10.952,3.158,8.25,40.32,66.591,14.197,15.006,4.063,12,2.6124129195693477,0,1,0,1,0,1,1,0
7.026,1.05,6.026,25.393,54.887,39.737,5.684,0.67,12,5.739047619047619,0,1,0,0,0,1,0,0
6.999,4.541,9.606,52.351,58.921,32.405,6.194,2.284,0,2.115393085223519,0,0,1,1,0,0,0,1
30.585,3.372,1.066,36.125,55.41,29.005,13.108,2.596,34,0.3161328588374852,0,0,1,0,1,0,0,1
23.651,3.839,2.711,26.209,51.9,29.334,15.639,2.187,22,0.7061734826777807,1,0,0,0,0,0,0,1
29.226,4.747,5.25,27.97,60.712,29.945,7.695,1.431,36,1.1059616599957869,0,1,0,1,0,1,0,0
24.904,0.695,3.456,11.517,69.524,9.201,17.894,3.325,23,4.972661870503598,1,0,0,0,0,1,0,0
6.98,4.364,9.161,19.161,68.362,22.923,8.898,0.69,12,2.0992208982584786,0,1,0,1,0,1,0,1
11.096,0.938,1.126,43.697,63.054,25.199,7.628,4.662,0,1.2004264392324093,0,0,1,1,0,1,1,0
16.123,2.988,7.849,51.113,68.252,11.269,17.551,2.2,19,2.626840696117805,0,0,1,0,0,0,0,0
20.393,1.579,3.899,47.941,52.423,40.228,5.413,1.706,22,2.469284357188094,0,1,0,1,0,0,0,0
14.777,2.866,7.41,5.471,50.184,28.786,15.69,4.443,11,2.5854849965108166,1,0,0,0,1,1,0,1
4.921,4.744,5.507,35.869,57.853,22.231,19.371,2.266,0,1.1608347386172007,1,0,0,1,0,0,0,1
25.224,1.567,4.718,58.839,55.408,29.501,13.52,1.353,22,3.0108487555839183,1,0,0,1,0,1,0,1
22.069,2.234,2.635,18.799,59.417,30.252,9.493,0.691,22,1.1794986571172783,0,0,0,0,1,1,1,0
12.883,3.002,5.767,26.447,64.534,24.677,8.866,1.061,14,1.9210526315789476,0,0,0,0,1,0,1,0
18.68,2.82,6.844,19.499,55.623,25.148,15.746,3.3,17,2.426950354609929,0,1,0,0,1,0,1,0
6.884,4.035,9.879,9.036,57.561,22.309,20.265,1.001,0,2.4483271375464684,0,1,0,0,1,0,1,0
26.41,3.419,3.583,18.607,58.933,34.422,6.622,0.584,33,1.0479672418835917,0,0,1,1,0,0,0,1
16.79,3.538,4.899,16.43,62.911,26.696,7.067,2.811,5,1.384680610514415,1,0,0,0,0,1,0,1
8.936,0.972,1.244,48.463,55.071,24.384,17.274,2.753,9,1.2798353909465021,0,0,0,0,1,1,0,1
28.683,0.586,6.161,18.305,62.341,28.238,7.544,0.812,35,10.513651877133105,0,1,0,0,1,1,0,0
28.832,1.817,4.341,21.11,51.237,39.489,9.176,1.026,13,2.3891029168959825,0,1,0,0,0,1,0,1
25.552,2.617,8.839,52.836,54.439,23.272,19.36,1.787,26,3.377531524646542,0,0,1,0,1,0,1,0
16.012,3.311,9.33,47.95,63.075,26.192,7.601,3.009,18,2.817879794623981,0,0,1,0,0,0,0,0
25.55,4.006,9.847,19.8,57.934,24.038,14.753,3.597,12,2.4580629056415373,0,0,0,1,0,1,0,1
27.324,1.685,9.191,52.604,70.302,11.367,18.512,1.0,31,5.45459940652819,1,0,0,0,0,0,1,0
11.872,2.208,1.393,21.709,53.012,28.326,14.534,4.435,15,0.6308876811594203,0,0,1,0,1,1,0,0
11.018,3.144,8.425,33.693,58.964,26.505,11.13,3.015,12,2.67970737913486,0,0,1,1,0,0,0,0
10.152,4.784,3.67,18.699,56.153,35.274,7.543,0.518,13,0.7671404682274248,1,0,0,1,0,1,1,0
8.048,2.813,6.151,12.045,56.201,36.32,7.325,0.833,23,2.1866334873800213,1,0,0,0,0,1,0,1
16.021,3.405,6.736,28.354,53.691,33.617,8.789,4.466,19,1.9782672540381792,0,0,1,0,1,0,1,0
4.965,3.029,3.946,18.614,65.544,17.362,12.498,3.484,1,1.302740178276659,0,1,0,0,1,1,0,1
18.873,0.933,3.8,34.737,60.648,26.678,7.542,4.383,18,4.072883172561629,1,0,0,0,1,0,1,0
27.183,0.964,7.356,30.217,52.857,32.847,11.227,4.123,34,7.630705394190872,0,0,0,1,0,0,0,0
7.138,1.561,2.115,10.103,68.224,25.401,6.126,0.927,1,1.3549007046764896,0,0,0,0,0,0,1,0
16.104,1.011,5.89,11.876,52.396,38.063,7.694,1.161,18,5.825914935707221,0,0,1,1,0,0,0,0
28.065,0.588,6.061,21.082,55.442,20.741,19.603,4.599,27,10.307823129251702,0,0,0,0,1,0,1,0
27.249,0.705,1.708,23.533,65.139,17.89,15.122,1.144,30,2.422695035460993,0,0,1,0,0,0,1,0
23.967,1.568,2.789,15.711,67.202,16.412,12.244,3.029,24,1.7786989795918366,0,0,0,1,0,0,0,1
8.842,0.569,6.16,21.97,58.191,34.71,6.928,0.987,3,10.826010544815468,0,0,1,1,0,1,0,0
10.025,1.845,5.764,3.825,68.7,23.706,6.145,2.22,0,3.124119241192412,0,0,1,0,1,1,0,1
21.384,3.74,1.675,5.572,67.596,20.393,10.419,2.433,30,0.44786096256684493,0,0,1,0,0,1,1,0
4.935,4.737,2.475,39.613,58.603,21.743,15.058,3.727,0,0.5224825839138696,0,0,0,0,1,0,1,0
17.129,2.77,6.686,18.957,66.644,18.277,12.696,3.133,52,2.4137184115523467,1,0,0,0,1,1,0,1
11.856,4.013,1.96,11.194,63.931,15.245,16.31,4.747,13,0.4884126588587092,0,0,1,0,0,0,1,0
16.023,4.181,4.628,42.231,66.448,13.151,15.513,4.596,25,1.1069122219564698,0,0,1,0,0,0,0,0
5.903,0.75,2.114,35.093,60.001,20.616,18.929,0.902,9,2.8186666666666667,0,0,1,0,1,1,0,1
23.952,4.022,4.523,53.753,59.678,26.298,8.535,4.826,23,1.1245648930880157,0,1,0,0,1,0,1,0
19.195,0.603,6.02,58.133,64.445,24.563,7.527,4.058,19,9.983416252072969,0,0,1,0,0,0,0,1
26.835,1.613,9.555,12.912,68.395,10.328,17.452,3.926,29,5.923744575325481,0,0,0,0,1,1,1,0
19.125,1.676,6.469,58.287,62.516,23.676,9.364,3.67,20,3.859785202863962,1,0,0,0,0,0,1,0
20.236,0.533,3.976,8.663,50.986,38.258,6.096,4.155,40,7.4596622889305815,0,1,0,0,1,1,0,0
27.461,4.246,6.326,16.675,55.332,26.416,15.785,1.993,21,1.4898728214790389,0,0,0,0,1,1,0,1
27.703,2.718,5.087,46.232,63.062,15.926,15.806,3.715,34,1.871596762325239,0,0,1,1,0,0,0,1
20.915,1.304,5.735,17.271,63.271,14.431,18.183,4.493,25,4.398006134969325,1,0,0,0,1,1,0,0
29.583,3.102,2.582,5.043,63.361,27.998,8.713,0.918,35,0.8323662153449387,0,1,0,0,0,1,0,0
16.315,4.204,7.031,28.615,53.997,35.088,6.178,2.983,25,1.6724548049476688,0,0,1,1,0,0,1,0
17.29,1.391,3.449,33.199,55.942,32.884,5.248,4.75,17,2.479511143062545,1,0,0,0,0,0,1,0
16.026,2.847,9.302,46.769,65.139,20.296,13.952,0.993,20,3.2672989111345276,0,0,1,0,0,0,0,0
25.342,3.051,2.937,18.084,52.432,29.918,16.33,2.213,21,0.9626352015732546,0,0,1,1,0,1,0,1
20.017,4.318,7.041,25.653,61.014,26.244,10.105,2.16,23,1.6306160259379345,1,0,0,1,0,0,0,0
13.064,2.897,3.016,32.553,61.369,15.572,18.631,4.081,14,1.0410769761822576,0,1,0,0,1,0,1,0
4.918,2.72,7.639,19.236,65.843,14.385,16.032,3.645,0,2.808455882352941,1,0,0,1,0,1,0,0
28.286,2.337,7.495,16.781,53.304,25.698,15.809,4.72,21,3.2071031236628156,0,0,0,0,0,1,1,0
21.672,0.794,9.685,53.578,59.423,25.947,10.496,3.392,33,12.197732997481108,0,0,1,0,0,1,0,1
5.065,2.25,4.308,45.069,59.686,21.018,18.841,1.092,0,1.9146666666666665,0,0,1,0,0,1,0,1
12.135,4.189,6.997,13.823,55.025,34.303,10.265,0.868,7,1.6703270470279303,0,0,0,0,1,0,0,0
5.042,1.767,4.937,35.799,67.186,20.703,9.123,3.49,0,2.794001131861913,0,1,0,0,1,1,0,1
23.555,3.657,9.936,34.277,53.139,31.434,13.957,1.195,25,2.7169811320754715,0,1,0,0,1,1,0,0
17.858,1.472,2.002,34.185,50.411,32.954,12.462,4.803,6,1.360054347826087,0,0,1,0,1,1,0,0
28.725,4.487,8.095,40.47,64.749,18.109,11.834,4.154,41,1.8041007354579899,1,0,0,0,0,1,1,0
29.832,2.956,3.385,20.573,58.214,30.088,8.019,3.05,46,1.1451285520974288,1,0,0,0,1,0,0,0
28.522,2.163,6.437,7.236,53.98,26.085,17.353,1.651,28,2.9759593157651416,0,1,0,0,0,0,0,1
11.192,1.714,1.087,49.129,64.097,20.253,10.889,3.832,11,0.6341890315052509,0,0,0,0,1,0,0,1
17.037,2.735,7.83,57.909,60.393,19.682,18.973,1.342,16,2.8628884826325414,0,0,1,1,0,1,1,0
20.837,4.969,5.752,17.564,61.49,30.261,6.866,2.055,25,1.1575769772590057,0,0,1,0,1,0,0,1
15.934,4.488,3.084,50.109,55.162,29.03,12.069,4.241,14,0.6871657754010695,0,0,0,0,1,1,1,0
20.956,4.951,4.269,33.503,60.72,15.879,19.661,4.091,20,0.8622500504948496,1,0,0,1,0,0,1,0
15.06,1.788,9.544,16.377,59.044,27.71,9.992,2.384,12,5.337807606263982,0,0,1,0,0,0,1,0
13.008,2.426,7.24,45.128,63.384,17.928,13.304,4.375,17,2.9843363561417973,0,0,1,0,1,1,1,0
29.486,4.548,3.624,29.124,60.214,28.673,8.241,3.464,26,0.7968337730870713,0,0,1,0,1,0,0,1
24.997,2.216,6.418,16.069,52.033,32.416,13.42,2.61,26,2.8962093862815883,1,0,0,0,1,0,0,0
28.551,2.521,4.519,49.372,51.271,32.453,13.314,3.638,31,1.7925426418088062,0,0,1,0,0,0,0,1
25.351,1.696,7.98,25.683,65.59,16.023,14.47,4.691,0,4.705188679245284,1,0,0,0,1,1,0,0
26.685,3.853,9.751,54.073,69.894,18.992,6.899,4.729,31,2.5307552556449515,1,0,0,0,0,0,1,0
23.396,2.103,1.105,36.153,67.704,12.491,17.796,3.119,27,0.5254398478364241,0,1,0,0,1,1,1,0
21.662,4.785,4.061,45.66,68.05,19.899,6.627,3.97,35,0.8486938349007315,1,0,0,1,0,1,0,0
15.19,1.082,5.429,30.115,67.158,11.931,19.188,2.106,6,5.017560073937154,0,1,0,1,0,1,1,0
29.857,3.299,1.84,30.591,57.161,19.618,19.721,4.458,28,0.5577447711427705,0,1,0,0,1,1,1,0
24.363,1.872,9.388,32.161,68.836,13.919,13.924,2.887,28,5.014957264957265,0,0,1,1,0,0,0,1
7.103,4.68,4.086,3.098,67.98,12.254,18.458,1.84,1,0.8730769230769232,0,1,0,1,0,1,1,0
28.343,1.62,8.102,21.994,64.418,19.582,11.693,3.45,30,5.001234567901235,1,0,0,0,0,0,1,0
19.22,2.224,3.917,26.841,60.906,16.375,18.963,4.539,18,1.7612410071942444,0,0,1,1,0,0,0,1
11.906,4.789,7.058,55.515,65.789,23.401,8.537,1.37,12,1.4737941115055335,0,0,1,0,1,0,1,0
15.732,0.796,9.711,40.11,62.409,30.573,6.575,0.858,23,12.199748743718592,0,0,0,1,0,0,1,0
20.919,3.232,1.314,4.094,59.88,16.654,17.897,4.961,23,0.40655940594059403,0,0,1,0,1,1,1,0
6.909,3.938,4.898,23.094,66.187,17.278,16.16,0.691,0,1.2437785678009141,0,0,1,1,0,0,1,0
23.179,1.751,2.29,2.835,65.796,21.103,9.085,2.967,21,1.3078241005139921,1,0,0,0,1,1,1,0
19.877,4.082,6.252,46.063,58.633,27.651,9.473,3.872,31,1.5316021558059774,1,0,0,1,0,1,0,0
17.323,2.128,1.665,54.903,51.868,35.487,7.829,4.485,8,0.7824248120300752,0,0,1,1,0,1,1,0
19.107,3.265,5.843,14.614,53.361,36.21,9.323,2.507,18,1.7895865237366002,0,0,1,0,1,1,0,0
18.232,1.304,6.837,7.628,60.02,29.563,8.254,1.235,25,5.243098159509202,0,0,1,1,0,1,0,1
12.809,4.123,1.4,21.474,67.87,20.962,7.063,3.149,15,0.3395585738539898,0,0,1,0,1,1,0,0
20.29,1.883,4.572,1.802,53.276,37.068,8.146,1.415,18,2.428040361125863,0,0,1,0,0,0,1,0
12.203,0.985,7.283,6.919,55.321,32.464,8.14,3.961,10,7.393908629441625,1,0,0,0,0,0,1,0
21.989,4.435,1.075,4.667,66.132,13.987,15.939,4.731,28,0.24239007891770012,0,1,0,1,0,1,0,1
29.123,4.639,7.576,12.121,60.749,25.043,11.937,1.335,32,1.6331105841776243,1,0,0,0,1,0,0,1
26.275,2.73,4.364,37.154,68.337,17.918,13.095,0.899,30,1.5985347985347984,0,1,0,1,0,1,1,0
4.935,4.916,3.789,38.806,53.176,27.506,14.458,4.337,6,0.7707485760781123,0,0,0,0,0,1,1,0
21.002,4.065,1.982,19.2,56.03,32.301,6.325,4.317,24,0.48757687576875763,0,0,1,0,0,0,1,0
28.882,2.951,2.447,19.875,69.234,13.122,16.528,1.535,36,0.8292104371399526,0,1,0,0,0,1,0,1
19.717,4.913,1.672,2.762,66.227,22.186,10.559,1.549,13,0.3403215957663342,0,0,0,0,0,1,0,1
11.936,1.854,8.199,32.413,69.633,8.872,18.701,3.843,2,4.422330097087379,0,0,0,1,0,1,0,0
10.81,1.451,4.886,35.644,64.177,22.676,12.196,0.763,0,3.3673328738800827,0,0,0,1,0,1,0,1
27.469,4.099,8.922,43.59,65.084,20.824,9.438,4.706,22,2.17662844596243,0,1,0,0,0,1,0,1
22.664,2.243,5.567,33.71,64.236,15.54,18.378,1.656,30,2.4819438252340618,1,0,0,0,1,1,0,0
9.167,1.152,3.052,1.045,70.479,12.219,15.592,3.096,14,2.649305555555556,1,0,0,0,0,1,1,0
14.028,2.75,6.588,58.61,51.806,40.306,5.401,1.675,9,2.395636363636364,1,0,0,0,1,1,0,0
24.447,1.842,4.811,1.881,56.324,31.79,7.904,3.824,31,2.6118349619978285,0,0,0,0,1,1,0,1
16.954,4.708,4.321,28.151,63.787,20.732,12.494,2.979,19,0.9177994902293967,0,0,1,0,1,0,0,0
7.94,1.724,7.038,21.117,64.246,17.047,15.429,3.426,2,4.082366589327147,0,0,1,1,0,1,0,0
29.007,3.55,9.855,3.212,66.208,20.953,10.429,1.504,49,2.776056338028169,0,0,1,0,0,1,1,0
29.927,1.577,3.939,59.617,70.329,9.095,18.235,3.11,33,2.4977805960684845,0,0,1,1,0,1,0,1
6.89,1.893,7.402,58.727,55.921,35.567,7.693,0.59,2,3.9101954569466457,0,0,0,0,1,0,1,0
10.056,1.103,8.813,50.125,55.332,31.543,9.911,4.675,2,7.990027198549411,0,0,0,1,0,0,0,0
28.671,3.408,7.027,18.65,50.24,32.719,12.591,3.83,31,2.061913145539906,0,1,0,0,0,0,1,0
29.139,2.52,7.008,30.688,68.134,8.323,19.129,4.835,19,2.780952380952381,1,0,0,0,1,1,0,1
15.09,1.478,9.747,7.162,54.462,34.701,11.859,0.565,11,6.594722598105548,0,0,1,1,0,0,1,0
29.582,3.629,3.049,34.119,60.438,19.974,15.711,2.47,27,0.8401763571231744,0,0,1,0,0,0,1,0
14.737,3.973,6.052,13.527,54.757,29.876,15.139,0.823,12,1.5232821545431663,0,0,0,0,1,0,1,0
16.18,2.743,5.959,46.8,66.994,11.919,18.503,2.375,17,2.172438935472111,0,1,0,0,1,0,1,0
11.981,1.731,4.02,55.009,60.266,30.763,9.849,0.548,26,2.3223570190641243,0,0,1,0,0,1,0,0
9.823,0.715,7.831,56.019,69.84,12.029,16.906,1.615,1,10.952447552447554,0,0,0,0,1,0,0,1
29.574,1.954,3.563,18.348,67.54,17.291,13.409,1.419,16,1.8234390992835212,0,0,0,1,0,1,0,0
25.54,0.684,8.287,4.668,63.064,26.34,5.459,3.844,29,12.115497076023392,0,0,1,0,1,1,0,1
29.226,1.467,6.086,4.987,54.836,35.392,5.766,3.607,33,4.148602590320381,0,1,0,0,1,0,0,1
28.542,1.47,6.126,41.472,58.246,29.657,9.791,1.005,25,4.167346938775511,1,0,0,1,0,1,1,0
18.802,1.648,8.013,4.871,54.976,32.705,8.604,2.81,8,4.862257281553398,0,0,1,0,1,1,0,0
6.9,3.058,8.278,7.712,65.055,22.422,6.785,4.913,0,2.70699803793329,0,0,1,0,0,0,1,0
23.637,2.994,5.29,50.426,52.169,32.194,13.804,1.364,26,1.7668670674682698,1,0,0,1,0,0,0,0
16.866,2.973,1.689,25.169,53.586,32.47,11.165,3.56,41,0.5681130171543896,0,0,0,0,1,1,0,0
18.697,3.035,5.164,27.739,61.485,16.353,17.532,3.843,18,1.701482701812191,1,0,0,0,1,0,0,1
6.046,1.603,8.984,12.142,54.463,21.573,20.251,3.348,1,5.6044915782907045,0,1,0,0,1,1,1,0
13.755,1.3,4.76,53.548,66.67,12.895,16.361,4.036,12,3.6615384615384614,0,1,0,0,1,0,1,0
6.002,4.756,4.706,19.966,66.297,13.502,18.044,0.956,3,0.9894869638351557,0,0,0,0,0,0,1,0
23.457,2.849,3.089,30.94,59.634,31.376,5.743,1.71,34,1.0842400842400841,0,0,1,0,0,1,0,0
12.151,3.128,5.347,27.353,52.984,27.702,17.203,2.177,9,1.7093989769820972,0,0,0,0,0,0,0,0
23.106,3.918,2.008,30.45,66.712,19.031,12.331,3.262,29,0.5125063808065339,1,0,0,0,0,1,1,0
15.876,4.494,9.16,1.024,59.394,18.32,19.922,3.07,21,2.0382732532265244,0,0,1,0,1,0,1,0
19.094,1.359,1.742,10.741,58.566,24.427,15.14,1.04,40,1.2818248712288447,0,0,0,1,0,1,0,0
29.031,2.397,6.756,35.132,58.603,23.205,13.681,4.941,32,2.8185231539424285,0,0,1,0,1,0,0,1
17.947,2.169,9.451,12.104,61.732,25.421,11.957,0.968,29,4.357307514983864,0,1,0,0,0,1,0,1
11.823,3.43,6.88,24.881,67.797,18.229,11.064,2.937,14,2.005830903790087,0,0,1,0,0,0,1,0
24.371,3.671,1.119,51.897,64.306,26.066,7.44,2.813,28,0.3048215745028603,0,0,1,0,1,1,0,1
10.978,2.468,4.62,12.046,59.917,28.751,9.383,2.897,0,1.8719611021069693,0,0,1,0,1,1,0,0
16.792,1.092,1.313,5.149,69.296,14.379,10.397,4.778,28,1.2023809523809523,1,0,0,0,1,0,0,0
9.947,1.029,1.546,8.796,65.99,13.012,16.69,2.99,0,1.5024295432458699,0,0,0,0,0,1,1,0
24.914,4.669,3.29,5.738,67.939,23.139,5.073,4.055,22,0.7046476761619191,0,1,0,1,0,0,1,0
27.354,2.685,2.551,52.243,63.894,29.684,6.196,0.843,33,0.9500931098696462,0,1,0,0,0,1,0,1
30.28,2.927,8.446,58.268,53.518,31.722,9.55,4.715,31,2.885548343013324,0,0,0,0,0,0,0,0
18.194,0.978,6.052,57.875,70.414,18.261,8.671,3.7,8,6.188139059304703,0,1,0,1,0,1,1,0
22.55,1.981,4.931,36.151,62.791,29.988,5.784,2.976,23,2.4891468955073193,1,0,0,0,0,0,0,1
21.926,4.251,7.038,22.833,58.058,24.917,14.878,1.311,21,1.6556104446012703,0,1,0,0,0,0,0,0
14.989,1.881,4.814,48.685,65.529,14.012,16.666,4.631,10,2.559276980329612,0,0,0,0,0,0,1,0
16.673,4.454,8.042,14.518,52.02,38.141,5.99,4.338,28,1.805568028738213,1,0,0,1,0,1,0,0
20.798,2.356,9.018,19.366,51.724,35.111,11.157,2.441,21,3.8276740237691005,0,1,0,0,0,0,1,0
12.125,4.546,8.985,38.692,62.022,28.695,9.961,0.965,16,1.9764628244610645,0,0,1,0,1,1,0,1
26.608,4.132,4.011,57.447,59.138,34.253,5.083,1.84,28,0.9707163601161666,1,0,0,1,0,0,1,0
27.038,2.877,2.753,46.413,53.367,29.973,13.394,2.28,29,0.9568995481404242,0,1,0,1,0,1,0,1
9.886,1.057,3.354,34.962,63.105,23.765,9.501,4.445,0,3.1731315042573325,0,1,0,0,0,1,0,0
16.668,2.298,4.645,50.059,62.777,26.441,6.157,3.287,16,2.0213228894691033,1,0,0,1,0,0,1,0
28.7,4.403,1.532,46.346,52.341,33.919,9.95,3.721,30,0.3479445832387009,1,0,0,1,0,0,0,0
6.114,4.88,2.814,49.029,67.896,25.011,6.929,0.692,1,0.5766393442622951,0,0,0,0,1,0,0,1
11.133,4.869,8.997,53.441,60.376,22.684,14.705,2.079,10,1.8478126925446705,0,0,1,0,1,0,0,1
5.092,2.297,2.538,33.52,50.452,34.387,12.589,3.136,0,1.104919460165433,0,0,1,0,1,1,1,0
24.988,2.082,5.396,2.447,66.633,23.989,6.295,3.039,16,2.591738712776177,1,0,0,0,1,1,0,0
7.875,1.089,8.117,13.289,63.192,16.574,16.616,3.993,2,7.453627180899909,0,0,0,0,1,0,0,0
28.054,3.675,8.238,55.77,49.651,38.529,8.071,2.939,33,2.2416326530612243,0,0,1,0,1,0,0,0
18.965,4.17,7.987,57.591,69.643,15.404,14.044,1.53,12,1.915347721822542,1,0,0,1,0,1,1,0
23.317,1.255,6.773,18.361,66.694,17.617,15.815,0.513,23,5.396812749003984,0,0,0,0,0,0,0,0
10.823,4.775,8.01,46.408,57.852,21.882,18.25,2.642,13,1.6774869109947643,0,0,0,0,1,0,1,0
15.992,3.952,5.513,40.004,67.806,18.083,9.944,3.251,16,1.39498987854251,0,0,1,1,0,1,1,0
16.762,2.976,5.628,56.857,66.056,14.437,19.856,0.908,17,1.8911290322580645,0,0,1,0,1,0,1,0
19.86,1.741,3.164,49.22,65.769,13.841,19.386,1.964,25,1.8173463526708789,0,0,1,1,0,0,0,1
19.18,2.803,4.718,35.998,63.536,16.752,15.246,4.057,23,1.6831965750981093,0,1,0,0,1,1,0,0
18.982,3.998,6.343,7.773,55.63,22.427,16.211,4.364,21,1.5865432716358179,0,0,0,0,0,0,0,1
12.935,1.88,2.506,41.974,55.361,21.564,17.881,4.691,9,1.3329787234042554,0,0,0,1,0,1,0,1
25.89,3.696,5.051,44.891,53.142,35.713,7.566,4.204,10,1.366612554112554,1,0,0,0,1,1,0,0
4.992,3.942,2.445,29.693,70.142,10.672,14.492,4.852,5,0.6202435312024352,0,0,0,0,0,0,0,1
10.114,2.378,8.515,59.081,59.895,28.323,10.285,2.496,1,3.580740117746005,0,0,1,0,1,0,1,0
10.157,3.229,6.122,12.278,60.823,25.84,10.286,2.496,8,1.8959430164137503,0,1,0,0,1,0,1,0
9.164,3.794,1.998,19.85,53.748,26.638,16.126,3.468,0,0.5266209804955192,1,0,0,1,0,1,0,0
20.23,1.132,6.823,41.071,57.141,27.183,10.44,4.061,15,6.027385159010602,0,1,0,1,0,1,0,1
8.934,4.667,5.758,15.845,56.099,28.039,12.41,2.65,0,1.2337690164988215,0,0,1,0,1,0,1,0
13.098,3.839,5.976,48.991,68.355,21.704,6.697,3.821,10,1.556655379004949,0,0,1,0,0,0,0,0
9.975,2.674,7.821,39.435,59.929,14.573,20.071,4.728,0,2.924831712789828,0,0,0,0,1,1,0,0
28.715,4.69,3.502,9.708,63.48,23.032,13.715,1.254,37,0.7466950959488272,0,0,0,0,0,0,1,0
22.3,2.125,5.039,43.877,65.578,13.093,16.832,3.547,27,2.3712941176470586,1,0,0,0,1,0,0,0
9.815,4.124,6.723,22.249,64.048,25.292,7.916,2.928,2,1.6302133850630456,0,0,0,0,1,1,0,0
11.177,0.821,2.195,19.039,68.031,15.878,10.646,5.041,10,2.673568818514007,0,0,1,0,1,0,0,1
14.977,1.519,1.98,27.01,65.561,15.452,17.562,1.925,10,1.3034891375905202,0,1,0,1,0,0,1,0
19.104,2.974,6.858,31.029,63.753,23.158,7.187,4.599,33,2.3059852051109613,0,0,1,0,0,1,1,0
25.159,4.807,1.872,50.433,52.26,26.228,19.918,1.153,27,0.38943207821926357,0,0,0,0,1,1,1,0
6.095,3.513,1.122,32.818,58.533,30.906,7.497,4.455,0,0.31938514090520925,0,0,1,1,0,0,0,1
19.104,3.839,4.745,49.077,55.107,24.564,15.75,4.389,12,1.2359989580619954,0,0,0,0,0,1,0,1
22.1,3.132,5.193,4.299,62.793,27.886,8.4,2.21,35,1.6580459770114941,0,1,0,0,0,1,0,0
23.584,1.283,8.183,1.03,54.569,28.616,13.371,4.573,20,6.378020265003897,0,0,1,0,1,1,0,0
7.005,1.795,7.919,31.058,56.728,29.039,11.156,2.527,14,4.4116991643454035,0,1,0,1,0,1,0,0
9.86,1.714,2.224,19.833,49.956,39.944,8.076,2.113,2,1.2975495915986,1,0,0,0,0,1,0,1
8.076,1.101,8.048,42.965,62.102,27.849,5.409,4.676,7,7.309718437783833,0,0,0,0,1,1,0,0
6.003,0.983,2.048,45.191,53.977,31.492,10.759,4.534,1,2.0834181078331637,0,1,0,1,0,0,0,0
23.166,3.08,7.582,15.96,61.313,24.916,13.552,1.13,28,2.4616883116883117,0,0,0,0,0,0,0,1
23.56,4.748,2.394,7.549,54.326,32.887,8.718,4.1,24,0.504212299915754,0,0,0,0,1,0,1,0
18.684,4.547,3.552,27.392,70.675,11.52,15.916,2.281,7,0.7811744007037608,1,0,0,0,1,1,0,0
20.173,1.101,4.276,41.337,66.615,14.696,17.358,0.897,19,3.8837420526793824,1,0,0,0,0,0,1,0
24.572,0.774,9.271,16.03,70.226,13.091,14.661,3.041,25,11.978036175710596,0,0,0,1,0,0,0,1
18.674,4.169,8.27,8.638,52.67,27.53,17.927,2.157,27,1.9836891340849125,0,0,1,1,0,1,1,0
6.863,3.032,6.458,28.141,65.122,18.44,13.491,1.948,0,2.129947229551451,1,0,0,1,0,0,0,1
29.53,2.499,3.124,43.968,56.086,23.771,16.46,2.516,30,1.2501000400160065,0,1,0,0,0,0,0,0
29.276,2.053,3.439,25.661,55.626,28.41,13.572,0.822,25,1.67510959571359,0,0,0,1,0,1,1,0
24.853,1.018,7.585,46.824,62.623,22.633,11.693,2.438,21,7.450884086444008,0,0,0,0,0,0,1,0
20.829,2.291,9.959,5.373,69.426,20.74,7.633,3.039,15,4.3470100392841555,0,0,0,0,1,1,0,0
12.922,4.634,3.853,18.019,57.061,24.784,15.094,2.499,6,0.8314630988347,0,1,0,0,0,1,1,0
22.242,4.586,3.23,27.82,55.58,37.889,4.951,1.034,23,0.7043174880069777,0,0,0,0,0,0,0,1
20.129,2.475,9.873,56.981,54.474,35.467,7.092,3.01,18,3.989090909090909,0,0,1,0,1,1,0,1
29.622,4.853,4.721,54.088,69.625,16.631,11.359,3.851,36,0.9728003296929735,0,0,1,1,0,0,0,0
17.765,2.508,4.861,51.563,54.33,30.526,12.804,2.248,22,1.9381977671451354,0,1,0,1,0,1,0,0
12.791,4.449,8.593,1.582,58.364,23.179,14.144,3.615,19,1.9314452685996855,0,0,1,0,0,1,1,0
13.083,1.92,5.643,55.426,55.825,29.52,12.352,1.709,4,2.9390625,0,0,1,0,0,1,0,1
15.159,3.701,3.105,57.574,62.298,22.991,12.426,2.819,2,0.8389624425830856,0,0,1,1,0,1,1,0
7.925,4.762,1.355,34.426,67.242,19.395,8.936,4.816,1,0.28454430911381773,1,0,0,0,0,1,1,0
17.655,1.618,3.858,25.352,53.469,36.324,7.868,2.256,19,2.38442521631644,0,1,0,1,0,0,0,1
19.666,1.514,6.04,16.385,60.786,21.281,12.246,4.498,16,3.989431968295905,0,1,0,0,0,1,0,1
24.449,4.043,1.886,37.908,64.338,13.478,17.491,3.368,24,0.4664852832055404,0,0,0,1,0,0,0,0
17.853,3.31,1.521,21.435,61.728,26.685,9.555,0.702,17,0.4595166163141994,0,1,0,1,0,0,0,1
28.302,1.01,8.884,42.831,61.809,28.851,6.889,3.241,28,8.796039603960397,0,1,0,0,0,0,1,0
28.14,0.578,4.142,53.488,58.293,27.551,10.945,4.775,40,7.166089965397925,0,0,0,1,0,0,1,0
6.967,2.078,9.222,51.127,50.373,29.092,17.938,2.862,0,4.437921077959577,0,0,1,0,1,0,0,1
26.682,4.597,4.085,42.222,55.167,32.187,11.602,1.672,20,0.8886230150097889,0,0,0,0,1,1,1,0
6.894,1.869,2.755,33.217,51.728,41.223,5.723,1.244,5,1.4740502942750133,1,0,0,0,1,0,0,1
7.032,4.977,7.136,43.117,64.08,16.783,17.279,2.601,6,1.4337954591119146,0,1,0,1,0,0,1,0
29.319,2.423,4.936,32.66,68.308,23.143,6.761,2.85,43,2.037144036318613,0,0,0,0,1,1,0,0
5.029,3.396,1.641,3.737,57.194,28.007,10.45,3.299,0,0.4832155477031802,0,1,0,0,1,1,1,0
27.033,1.785,2.114,28.97,64.878,14.944,17.151,3.066,51,1.184313725490196,0,1,0,0,1,1,0,1
17.67,2.483,8.589,15.397,56.227,26.169,13.496,4.356,17,3.459122029802658,0,0,0,0,1,1,0,1
19.356,4.762,3.048,58.334,59.107,28.391,9.289,1.778,13,0.6400671986560269,0,0,1,1,0,0,0,0
28.335,1.187,8.961,31.479,66.967,12.246,19.277,1.264,35,7.549283909014322,0,0,0,0,1,1,0,0
17.851,2.021,3.708,34.115,61.586,23.739,12.573,1.872,21,1.8347352795645722,1,0,0,1,0,0,0,1
6.115,3.647,6.489,29.344,61.691,31.769,6.788,1.401,0,1.779270633397313,1,0,0,1,0,1,1,0
28.114,3.623,1.083,35.315,53.915,23.773,19.682,2.102,37,0.2989235440242892,0,0,0,0,1,1,0,0
9.03,1.851,2.775,14.061,65.407,23.371,8.232,3.753,0,1.499189627228525,0,0,0,1,0,0,1,0
5.05,0.783,9.685,20.859,61.871,28.916,5.969,3.642,3,12.369093231162196,0,0,1,0,0,0,0,0
12.15,1.793,1.657,11.902,62.027,31.115,7.378,0.611,10,0.9241494701617402,0,0,1,0,1,0,0,0
10.063,4.687,6.389,18.509,62.367,20.159,15.063,2.297,1,1.3631320674205247,0,0,1,0,1,0,0,1
23.643,1.193,8.077,52.641,52.601,26.667,19.974,1.5,32,6.7703269069572505,0,0,1,0,1,0,0,0
17.884,3.309,1.369,26.917,65.805,12.349,17.423,4.395,13,0.41372015714717436,1,0,0,1,0,1,1,0
18.308,4.557,3.591,38.567,56.294,34.671,6.002,2.806,18,0.7880184331797235,1,0,0,0,0,0,0,1
10.879,1.602,2.357,35.605,66.303,12.816,18.327,3.339,26,1.4712858926342074,0,1,0,0,1,1,0,0
15.918,3.435,9.832,49.791,54.42,23.341,19.463,3.039,13,2.8622998544395926,0,1,0,0,1,0,0,0
11.967,1.283,8.223,40.919,49.742,27.884,18.365,2.911,13,6.409197194076384,0,0,1,0,1,1,1,0
20.949,1.312,8.901,15.925,65.97,13.512,16.116,2.791,26,6.784298780487805,1,0,0,0,0,1,1,0
23.104,2.443,3.089,31.219,63.939,19.363,14.27,0.832,25,1.264428980761359,1,0,0,0,1,0,0,0
11.195,0.812,9.845,14.758,53.609,25.552,18.322,3.874,10,12.124384236453201,0,1,0,0,0,0,1,0
23.751,3.699,5.675,49.297,53.025,36.132,5.174,4.724,21,1.534198432008651,0,0,0,1,0,0,1,0
13.788,3.915,1.202,35.077,54.612,26.949,17.358,0.59,5,0.3070242656449553,1,0,0,1,0,1,0,1
9.879,1.287,9.564,34.32,68.168,11.906,15.836,4.73,8,7.431235431235431,0,0,0,1,0,0,1,0
21.122,4.504,6.83,3.662,52.583,40.504,5.54,0.56,22,1.5164298401420961,0,1,0,1,0,0,0,1
22.803,4.79,5.073,19.712,62.84,16.191,18.94,0.854,14,1.059081419624217,0,1,0,0,0,1,1,0
28.354,1.069,5.987,57.208,59.993,32.705,5.413,3.566,36,5.600561272217026,0,0,1,1,0,0,0,1
5.072,2.479,4.078,29.683,61.28,27.085,11.603,1.423,5,1.6450181524808392,0,0,1,1,0,1,1,0
17.236,2.369,6.421,51.166,52.909,29.164,14.788,4.131,19,2.710426340227944,1,0,0,1,0,0,0,1
19.318,2.962,4.096,36.636,58.82,24.392,13.468,2.618,18,1.3828494260634705,0,1,0,0,1,1,1,0
29.703,1.96,5.004,13.146,58.134,29.812,10.198,2.187,31,2.5530612244897957,0,1,0,0,1,0,0,0
10.102,1.602,7.655,7.285,66.745,19.55,12.236,0.554,0,4.778401997503121,0,1,0,0,1,0,1,0
9.984,2.601,1.774,59.556,53.674,28.432,15.363,1.012,13,0.6820453671664745,0,1,0,0,0,1,1,0
29.397,2.081,5.807,2.633,56.71,21.049,17.827,3.39,26,2.790485343584815,0,0,1,0,1,1,0,1
5.046,3.612,5.928,13.709,67.593,16.407,13.188,2.984,1,1.6411960132890364,0,0,0,1,0,0,1,0
5.055,2.192,5.367,30.05,59.574,30.106,7.278,2.281,0,2.4484489051094886,1,0,0,1,0,1,0,0
15.094,2.181,4.791,5.801,61.394,26.354,8.714,3.949,5,2.1966987620357634,0,0,0,0,1,0,1,0
24.677,3.492,1.662,56.371,60.779,21.476,13.657,3.023,51,0.47594501718213056,1,0,0,1,0,1,0,0
11.02,1.304,4.713,53.325,51.949,27.006,16.674,3.848,10,3.6142638036809815,0,1,0,0,1,0,1,0
10.194,3.561,4.961,22.005,60.19,30.159,6.959,3.138,2,1.3931479921370402,1,0,0,0,1,0,0,1
11.192,4.856,5.001,5.852,69.221,18.503,9.486,2.681,10,1.0298599670510709,1,0,0,0,0,0,0,0
26.507,3.232,6.169,9.316,51.171,35.149,11.438,2.412,24,1.9087252475247523,0,0,0,0,0,1,1,0
15.785,3.375,6.082,28.08,58.835,27.167,9.481,3.479,9,1.802074074074074,0,0,0,0,1,1,0,0
24.632,2.825,7.477,38.307,57.38,25.499,13.294,4.567,24,2.646725663716814,0,0,0,0,1,0,1,0
11.099,2.734,2.201,37.972,67.869,14.806,14.656,2.863,24,0.8050475493782004,0,1,0,1,0,1,0,0
5.064,2.062,9.002,50.312,65.068,24.103,5.483,4.738,5,4.365664403491756,0,1,0,0,1,1,1,0
21.748,4.814,3.248,54.408,57.825,24.848,14.523,1.468,14,0.674698795180723,0,1,0,0,1,1,0,0
5.001,4.327,3.817,8.683,61.885,28.014,9.23,1.49,0,0.8821354287034897,0,0,0,0,1,1,0,1
11.15,1.156,8.895,18.108,68.371,21.71,9.131,1.647,4,7.694636678200692,0,1,0,1,0,1,0,1
7.065,0.748,4.368,45.652,51.825,27.05,18.336,3.071,15,5.839572192513369,1,0,0,0,1,1,0,0
18.03,2.897,5.871,40.641,50.269,32.046,14.986,2.117,8,2.0265792198826373,0,0,1,1,0,1,0,0
13.047,4.55,1.342,48.334,64.534,18.194,15.797,2.243,9,0.29494505494505496,1,0,0,0,0,1,0,1
21.007,4.644,5.695,11.731,55.382,29.807,12.613,2.126,38,1.2263135228251507,0,0,0,0,0,1,0,1
18.846,4.396,6.234,27.796,57.041,20.69,19.886,2.587,18,1.4181073703366698,0,0,0,0,0,1,1,0
29.075,2.133,8.379,21.758,56.753,26.152,14.56,1.967,24,3.9282700421940926,0,0,1,1,0,1,0,1
22.166,1.222,5.531,34.734,66.86,21.113,9.399,1.886,22,4.526186579378068,0,0,1,0,1,1,0,1
23.343,2.698,10.012,22.632,63.088,23.065,10.083,3.781,22,3.7108969607116387,1,0,0,0,0,0,0,1
5.027,2.293,8.931,44.874,55.733,26.549,15.33,1.874,11,3.894897514173571,1,0,0,1,0,1,0,1
8.084,1.042,8.464,6.822,62.424,23.398,14.776,0.804,0,8.122840690978887,0,1,0,0,0,0,0,0
8.878,2.044,9.413,7.708,53.867,24.181,18.001,4.09,3,4.60518590998043,0,1,0,1,0,1,0,0
20.968,3.948,7.213,2.427,62.055,22.309,15.285,0.897,23,1.827001013171226,0,0,1,0,1,0,0,0
16.666,2.921,9.455,19.377,61.943,21.367,15.083,1.352,20,3.236905169462513,0,0,1,1,0,0,0,1
26.726,4.763,6.093,58.024,67.314,16.148,16.42,1.068,31,1.2792357757715727,0,0,0,1,0,0,0,1
5.045,4.688,7.539,3.797,67.452,13.646,15.406,3.96,2,1.6081484641638226,1,0,0,0,0,0,0,0
5.098,3.77,6.445,23.124,65.701,21.599,8.705,3.779,1,1.7095490716180373,0,1,0,0,1,1,0,1
17.711,2.404,3.374,30.901,52.374,30.162,14.8,2.834,22,1.4034941763727122,0,1,0,1,0,0,0,1
13.945,4.454,4.736,31.726,62.445,28.256,5.641,4.377,10,1.063313875168388,0,1,0,1,0,0,0,0
25.3,4.812,6.687,7.111,60.002,24.036,15.626,0.927,21,1.389650872817955,0,1,0,1,0,0,1,0
12.846,2.536,5.744,41.396,66.64,11.446,16.042,4.949,12,2.2649842271293372,0,0,1,0,1,0,0,1
7.015,4.832,9.204,24.16,49.978,43.636,5.338,0.941,8,1.9048013245033115,0,0,1,0,1,0,1,0
16.149,1.452,7.364,35.514,69.17,9.915,15.838,4.672,5,5.071625344352618,0,0,0,1,0,1,0,0
16.074,4.707,1.351,40.421,68.905,18.049,12.734,1.747,27,0.28701933290843423,1,0,0,1,0,1,1,0
4.938,4.927,4.074,35.382,50.406,38.49,6.368,3.631,4,0.8268723361071646,0,1,0,0,0,1,0,1
29.826,1.356,1.853,19.111,57.013,27.004,12.537,4.07,34,1.3665191740412979,1,0,0,0,0,1,1,0
29.329,0.766,7.492,49.124,60.24,23.696,14.216,2.107,31,9.780678851174935,0,1,0,1,0,0,1,0
13.028,3.586,4.348,3.039,56.405,31.08,10.352,2.138,7,1.2124930284439488,1,0,0,0,1,0,0,0
22.545,2.284,2.189,54.615,52.139,34.342,10.867,2.236,24,0.9584063047285465,1,0,0,1,0,1,1,0
22.23,2.117,5.337,17.847,54.155,34.186,5.33,4.874,19,2.521020311761927,0,1,0,0,1,0,1,0
21.591,1.236,4.01,1.935,61.493,20.537,13.532,4.455,24,3.244336569579288,0,0,0,0,0,0,0,1
21.206,3.213,8.161,52.683,62.875,25.426,6.548,3.776,17,2.539993775287893,0,1,0,0,1,1,0,1
16.798,1.198,3.158,20.055,50.567,31.486,17.029,0.925,23,2.636060100166945,0,0,0,1,0,0,0,1
13.238,4.87,9.455,16.074,50.093,25.809,19.389,4.052,11,1.9414784394250513,0,1,0,1,0,0,0,1
27.852,4.124,7.611,16.286,57.492,30.14,12.83,0.684,45,1.845538312318138,0,0,1,0,1,1,1,0
25.82,3.522,6.108,58.762,65.687,15.688,15.584,2.455,33,1.7342419080068143,0,0,1,0,0,0,0,0
20.705,4.802,2.343,29.365,68.222,9.584,19.054,2.243,40,0.4879216992919617,1,0,0,1,0,1,1,0
13.891,3.858,5.114,54.424,63.8,17.132,14.832,4.199,10,1.3255572835666147,0,1,0,1,0,1,1,0
21.316,1.597,8.541,17.768,53.467,37.371,10.105,0.627,21,5.34815278647464,0,0,0,0,0,0,0,1
12.238,1.817,6.323,2.864,59.123,27.487,12.749,0.832,18,3.4799119427627963,0,0,1,1,0,1,1,0
11.937,4.207,2.028,30.079,66.902,8.888,18.805,4.686,7,0.48205371999049207,1,0,0,1,0,1,0,0
7.984,2.749,8.312,49.52,67.166,9.798,19.22,3.334,8,3.023644961804292,1,0,0,0,1,1,1,0
12.107,3.704,5.357,39.985,52.276,34.019,7.988,4.297,10,1.4462742980561556,0,0,0,0,0,0,0,0
25.386,1.595,4.4,56.975,55.954,26.143,14.544,4.402,18,2.7586206896551726,0,1,0,1,0,0,0,0
13.048,2.515,6.887,50.839,51.752,36.449,10.784,1.803,14,2.738369781312127,1,0,0,0,0,1,0,0
24.892,1.366,4.964,33.393,60.496,24.794,9.885,4.25,25,3.6339677891654465,0,1,0,1,0,0,0,1
20.927,2.252,9.353,23.001,67.942,19.979,9.386,2.828,28,4.1531971580817055,1,0,0,0,0,0,0,0
9.07,2.324,5.853,14.833,60.49,29.26,6.911,2.923,19,2.5185025817555937,1,0,0,0,0,1,1,0
23.523,2.541,2.43,36.353,56.279,31.501,12.021,0.736,26,0.9563164108618655,0,0,0,1,0,0,1,0
5.024,1.377,4.379,56.379,56.426,21.557,18.282,2.512,0,3.1801016702977485,0,1,0,0,1,0,0,0
17.896,3.485,9.124,26.061,65.123,19.05,13.204,2.867,32,2.618077474892396,0,0,0,0,0,1,0,0
26.306,4.049,8.585,6.619,62.349,19.128,14.369,3.797,36,2.1202766115090146,0,0,1,0,0,1,0,0
27.544,4.633,1.991,32.521,61.955,16.343,17.115,4.668,40,0.429743146988992,0,0,1,0,0,1,0,1
13.046,2.844,7.973,11.494,65.376,17.841,14.309,3.332,1,2.8034458509142053,0,1,0,1,0,1,1,0
13.989,4.699,6.199,37.812,58.624,18.902,19.469,3.749,7,1.3192168546499254,0,0,1,1,0,1,1,0
12.068,3.616,9.078,15.268,57.994,25.41,14.001,3.162,17,2.510508849557522,1,0,0,0,1,1,0,0
27.513,1.872,3.939,46.06,56.798,24.042,15.117,4.943,37,2.1041666666666665,1,0,0,0,0,1,0,0
30.096,1.546,3.246,25.662,61.712,13.363,19.984,4.023,24,2.0996119016817594,1,0,0,0,1,1,0,0
7.017,4.066,7.967,2.405,67.043,15.769,15.151,1.464,0,1.9594195769798328,1,0,0,1,0,0,0,0
24.058,2.251,4.773,56.545,57.693,31.717,6.676,3.217,22,2.1203909373611727,0,1,0,0,0,1,1,0
7.029,1.803,5.647,51.356,65.667,14.994,16.412,3.876,0,3.1320022185246814,0,0,0,0,0,1,0,0
18.127,2.501,5.269,23.65,63.528,17.885,13.629,4.881,26,2.1067572970811677,0,0,0,0,1,0,1,0
9.11,2.23,8.335,30.627,65.272,19.411,13.788,1.911,1,3.737668161434978,1,0,0,0,0,0,0,1
11.89,4.055,2.88,28.449,59.678,29.92,7.423,3.147,9,0.7102342786683108,1,0,0,1,0,0,0,0
6.078,3.391,5.997,4.392,53.942,30.491,12.723,2.621,2,1.7685048658212916,0,0,1,1,0,1,1,0
28.998,1.354,2.378,55.789,69.002,12.819,13.156,4.201,20,1.756277695716396,0,0,0,1,0,1,0,1
24.577,1.934,5.293,20.978,59.118,20.265,18.482,1.429,24,2.736814891416753,0,1,0,0,1,0,0,1
25.541,3.834,1.647,51.711,54.924,21.12,19.254,4.653,30,0.4295774647887324,1,0,0,0,1,0,1,0
29.801,2.972,7.386,33.79,53.832,27.802,16.392,1.882,30,2.4851951547779274,0,0,1,0,1,0,0,1
5.057,1.805,2.399,27.954,62.613,24.871,8.149,3.49,3,1.3290858725761774,1,0,0,1,0,1,1,0
21.174,3.631,6.094,15.873,68.758,15.916,14.986,0.885,33,1.6783255301569817,0,1,0,1,0,1,0,1
10.115,2.001,8.669,33.145,61.922,17.145,18.064,3.929,4,4.332333833083458,0,1,0,0,0,0,0,1
13.009,0.797,7.022,36.126,61.776,23.707,13.06,1.136,2,8.810539523212045,0,0,0,0,0,1,1,0
29.928,3.122,2.738,33.303,60.606,18.172,18.532,2.144,31,0.8770019218449712,0,1,0,0,0,0,0,1
13.803,1.501,4.077,12.853,51.161,36.994,6.297,4.242,12,2.716189207195203,1,0,0,0,1,0,1,0
7.945,0.617,1.016,33.474,63.051,14.204,19.481,4.217,0,1.646677471636953,1,0,0,0,1,1,0,1
26.929,0.539,4.333,5.91,64.458,12.378,19.218,4.373,35,8.03896103896104,1,0,0,0,1,0,0,0
21.638,1.54,2.855,1.563,66.871,22.576,8.46,1.496,29,1.853896103896104,0,1,0,1,0,1,1,0
6.922,1.109,1.814,30.984,55.159,22.636,17.509,3.647,6,1.6357078449053202,0,1,0,1,0,0,0,0
16.063,4.286,7.235,21.914,62.264,23.929,10.523,3.911,22,1.6880541297246852,1,0,0,0,1,1,0,0
25.236,4.393,3.892,30.934,62.459,25.085,10.776,1.273,33,0.8859549282950148,0,0,1,0,0,1,0,0
24.478,3.732,1.949,42.366,56.797,34.556,6.917,1.212,24,0.5222400857449089,1,0,0,1,0,0,0,0
13.225,0.867,5.388,46.034,51.893,28.559,15.088,4.538,10,6.2145328719723185,0,0,1,0,0,0,0,1
6.034,1.312,7.577,54.467,67.748,15.866,11.689,4.305,12,5.77515243902439,0,1,0,1,0,1,1,0
26.915,2.688,6.13,51.576,66.469,14.492,18.512,0.527,32,2.280505952380952,0,1,0,0,0,1,1,0
15.082,2.804,3.349,52.562,65.459,16.372,16.042,2.742,13,1.1943651925820258,0,1,0,0,1,1,0,0
9.103,1.852,3.936,36.622,66.537,12.056,19.621,2.485,1,2.125269978401728,0,1,0,0,0,1,0,0
7.878,3.872,4.503,11.531,50.368,34.213,12.507,2.912,17,1.162964876033058,0,0,1,0,1,1,0,1
19.928,4.254,1.314,23.864,52.136,30.139,14.244,4.173,21,0.30888575458392104,0,0,1,0,1,0,1,0
6.082,1.808,1.442,21.281,52.413,31.512,12.334,3.912,7,0.7975663716814159,0,1,0,0,1,0,0,0
20.902,3.18,1.565,2.868,58.61,23.694,15.171,3.206,32,0.49213836477987416,1,0,0,0,1,0,0,0
29.083,4.057,9.716,14.76,69.045,10.683,15.732,4.48,29,2.3948730589105245,0,0,1,0,1,0,0,0
27.095,4.284,6.241,39.872,55.428,22.095,19.026,3.643,38,1.4568160597572362,0,1,0,0,1,1,1,0
11.849,3.169,8.99,12.713,52.584,41.166,6.769,0.823,23,2.836857052698012,0,1,0,0,1,1,0,0
7.956,1.925,7.607,24.257,56.207,24.047,15.112,3.301,3,3.951688311688312,0,1,0,0,1,1,0,0
17.881,4.977,5.238,8.808,52.094,35.074,12.36,1.554,38,1.0524412296564196,0,0,0,0,1,1,1,0
19.621,4.219,8.883,16.98,63.618,28.427,7.192,1.631,21,2.105475231097416,0,0,0,1,0,0,0,0
24.524,3.404,7.55,40.789,54.528,30.36,14.403,1.221,40,2.217978848413631,0,0,0,0,1,1,0,1
18.239,0.947,3.386,22.289,55.538,37.02,5.188,1.767,13,3.575501583949314,0,0,1,1,0,0,1,0
24.773,3.328,8.126,56.607,55.762,24.462,19.029,0.714,44,2.441706730769231,0,0,0,0,1,1,0,0
17.012,3.26,1.593,48.509,59.015,24.993,15.548,1.396,15,0.48865030674846627,0,1,0,1,0,1,1,0
16.863,3.195,7.659,41.237,55.379,34.474,5.243,4.487,19,2.397183098591549,1,0,0,1,0,0,0,1
20.353,1.599,4.268,5.857,56.921,29.245,14.013,0.561,21,2.66916823014384,1,0,0,1,0,0,0,0
19.807,3.264,6.647,6.313,54.56,31.803,12.406,0.745,12,2.0364583333333335,0,1,0,0,1,0,1,0
21.938,3.99,3.667,7.511,52.268,36.908,8.446,2.219,47,0.919047619047619,1,0,0,0,0,1,1,0
17.253,3.962,6.884,36.448,61.562,32.367,5.975,0.593,20,1.7375063099444725,1,0,0,0,1,0,1,0
12.164,1.294,7.867,37.467,53.803,29.594,13.371,2.93,7,6.079598145285935,1,0,0,1,0,0,0,0
19.749,3.382,7.873,5.737,63.929,23.43,8.665,3.99,27,2.327912477823773,0,0,0,0,0,0,0,1
15.182,4.027,6.974,40.132,64.362,23.114,7.977,3.239,1,1.7318102806059101,0,0,0,1,0,1,1,0
18.968,0.988,6.379,58.027,57.439,26.91,16.191,1.086,24,6.456477732793522,0,0,1,0,1,0,0,0
21.985,3.119,2.68,6.456,58.524,29.024,10.57,1.062,30,0.8592497595383135,1,0,0,0,0,1,1,0
25.619,1.002,4.739,10.511,67.157,19.159,12.17,0.755,49,4.729540918163672,0,0,1,0,0,1,1,0
14.748,4.961,6.317,26.862,53.45,32.135,12.52,0.726,12,1.2733319895182422,0,0,1,0,1,0,0,1
17.155,1.601,5.588,46.339,69.295,20.572,6.817,3.503,16,3.490318550905684,1,0,0,0,0,0,0,0
29.996,3.771,6.048,58.544,59.145,30.894,7.486,3.491,29,1.60381861575179,1,0,0,1,0,0,0,1
21.944,4.348,1.252,49.282,51.288,35.97,9.995,2.734,28,0.2879484820607176,0,0,0,1,0,0,0,0
11.101,1.735,10.067,7.439,62.517,27.71,6.892,3.251,10,5.802305475504323,0,1,0,0,1,0,1,0
14.149,1.076,6.864,24.721,49.938,36.42,9.207,4.099,10,6.379182156133829,0,1,0,0,0,0,1,0
27.618,1.589,6.573,60.006,52.749,32.974,12.087,1.779,22,4.136563876651983,1,0,0,1,0,1,0,1
15.066,4.69,5.273,36.984,60.382,17.199,18.858,3.09,24,1.1243070362473346,1,0,0,0,1,1,1,0
13.796,4.75,5.47,49.341,55.858,27.209,11.445,4.935,11,1.151578947368421,0,0,0,0,1,0,1,0
26.261,4.69,9.207,22.672,63.269,27.778,7.129,1.071,24,1.9631130063965885,0,0,0,0,1,1,0,0
5.031,1.938,8.53,35.313,68.612,20.796,7.085,4.012,0,4.401444788441692,1,0,0,0,1,0,0,1
10.183,0.661,7.937,45.506,51.257,32.335,12.088,4.341,1,12.007564296520423,1,0,0,0,1,0,0,1
16.707,3.096,7.578,59.458,54.664,33.747,9.293,3.465,17,2.447674418604651,0,1,0,1,0,0,0,1
22.592,4.442,2.393,17.944,50.29,31.723,13.223,4.676,11,0.5387212967131922,0,0,1,0,0,1,0,0
9.913,3.572,2.259,40.256,65.814,12.139,17.607,3.337,12,0.6324188129899215,0,0,1,0,0,1,0,0
